summary_id,userid,day_id,date,total_protein_g_perday,total_fat_g_perday,total_fibre_g_perday,total_carb_g_perday,total_calories_kcal_perday,Total_Protein_g_perday,Total_Fat_g_perday,Total_Fibre_g_perday,Total_Carb_g_perday,Total_Calories_kcal_perday
S002,HM001,D01,2026-08-01,119,31,59,294,1928,119.0,29.0,61.0,295.0,1927.0
S003,HM001,D02,2026-08-02,72,41,24,183,1386,74.0,39.0,24.0,182.0,1389.0
S004,HM001,D03,2026-08-03,67,32,37,228,1466,68.0,32.0,34.0,227.0,1464.0
S005,HM001,D04,2026-08-04,75,27,21,115,1002,75.0,26.0,21.0,114.0,1001.0
S006,HM001,D05,2026-08-05,105,51,60,263,1934,105.0,52.0,60.0,262.0,1937.0
S007,HM001,D06,2026-08-06,67,65,67,252,1864,68.0,62.0,65.0,254.0,1863.0
S008,HM001,D07,2026-08-07,59,19,32,86,753,59.0,20.0,32.0,85.0,753.0
S009,HM001,D08,2026-08-08,105,32,68,163,1360,106.0,33.0,67.0,162.0,1362.0
S010,HM001,D09,2026-08-09,99,52,41,246,1851,99.0,52.0,39.0,247.0,1853.0
S011,HM001,D10,2026-08-10,57,17,39,152,988,57.0,16.0,40.0,152.0,988.0
S012,HM001,D11,2026-08-11,131,59,55,300,2253,131.0,57.0,56.0,302.0,2251.0
S013,HM001,D12,2026-08-12,140,69,65,267,2243,141.0,66.0,65.0,268.0,2246.0
S014,HM001,D13,2026-08-13,111,42,54,154,1439,112.0,42.0,53.0,154.0,1439.0
S015,HM001,D14,2026-08-14,59,23,44,147,1036,58.0,23.0,44.0,149.0,1037.0
S016,HM001,D15,2026-08-15,68,28,60,322,1817,68.0,26.0,60.0,322.0,1817.0
S017,HM001,D16,2026-08-16,88,42,48,193,1504,89.0,41.0,48.0,194.0,1503.0
S018,HM001,D17,2026-08-17,66,11,28,168,1032,67.0,10.0,28.0,170.0,1034.0
S019,HM001,D18,2026-08-18,56,16,35,146,952,56.0,14.0,35.0,146.0,953.0
S020,HM001,D19,2026-08-19,33,24,34,111,791,34.0,24.0,33.0,110.0,790.0
S021,HM001,D20,2026-08-20,100,57,73,228,1825,98.0,58.0,72.0,228.0,1825.0
S022,HM001,D21,2026-08-21,56,19,40,130,920,57.0,19.0,41.0,131.0,920.0
S023,HM001,D22,2026-08-22,30,21,41,146,891,31.0,20.0,42.0,147.0,892.0
S024,HM002,D01,2026-08-01,45,23,31,102,799,45.0,23.0,31.0,102.0,799.0
S025,HM002,D02,2026-08-02,51,21,14,122,884,51.0,21.0,14.0,122.0,884.0
S026,HM002,D03,2026-08-03,66,28,52,179,1226,66.0,28.0,52.0,179.0,1226.0
S027,HM002,D04,2026-08-04,112,43,65,296,2017,112.0,43.0,65.0,296.0,2017.0
S028,HM002,D05,2026-08-05,71,33,57,296,1767,71.0,33.0,57.0,296.0,1767.0
S029,HM002,D06,2026-08-06,75,46,59,251,1720,75.0,46.0,59.0,251.0,1720.0
S030,HM002,D07,2026-08-07,115,35,80,223,1666,115.0,35.0,80.0,223.0,1666.0
S031,HM002,D08,2026-08-08,65,33,42,167,1231,65.0,33.0,42.0,167.0,1231.0
S032,HM002,D09,2026-08-09,70,8,21,139,908,70.0,8.0,21.0,139.0,908.0
S033,HM002,D10,2026-08-10,60,47,47,125,1167,60.0,47.0,47.0,125.0,1167.0
S034,HM002,D11,2026-08-11,71,15,24,108,856,71.0,15.0,24.0,108.0,856.0
S035,HM002,D12,2026-08-12,89,56,91,273,1958,89.0,56.0,91.0,273.0,1958.0
S036,HM002,D13,2026-08-13,84,58,57,296,2043,84.0,58.0,57.0,296.0,2043.0
S037,HM002,D14,2026-08-14,79,34,50,270,1705,79.0,34.0,50.0,270.0,1705.0
S038,HM002,D15,2026-08-15,80,8,16,117,862,80.0,8.0,16.0,117.0,862.0
S039,HM002,D16,2026-08-16,59,14,20,125,863,59.0,14.0,20.0,125.0,863.0
S040,HM002,D17,2026-08-17,104,25,74,273,1731,104.0,25.0,74.0,273.0,1731.0
S041,HM002,D18,2026-08-18,68,21,55,217,1330,68.0,21.0,55.0,217.0,1330.0
S042,HM002,D19,2026-08-19,62,30,18,120,994,62.0,30.0,18.0,120.0,994.0
S043,HM002,D20,2026-08-20,105,24,47,145,1219,105.0,24.0,47.0,145.0,1219.0
S044,HM002,D21,2026-08-21,138,23,48,215,1620,138.0,23.0,48.0,215.0,1620.0
S045,HM002,D22,2026-08-22,57,36,37,156,1175,57.0,36.0,37.0,156.0,1175.0
S046,HM003,D01,2026-08-01,99,31,37,266,1743,99.0,31.0,37.0,266.0,1743.0
S047,HM003,D02,2026-08-02,170,41,56,164,1708,170.0,41.0,56.0,164.0,1708.0
S048,HM003,D03,2026-08-03,55,43,13,104,1017,55.0,43.0,13.0,104.0,1017.0
S049,HM003,D04,2026-08-04,77,42,48,235,1624,77.0,42.0,48.0,235.0,1624.0
S050,HM003,D05,2026-08-05,47,51,24,105,1066,47.0,51.0,24.0,105.0,1066.0
S051,HM003,D06,2026-08-06,83,51,43,228,1707,83.0,51.0,43.0,228.0,1707.0
S052,HM003,D07,2026-08-07,212,66,81,342,2808,212.0,66.0,81.0,342.0,2808.0
S053,HM003,D08,2026-08-08,86,37,24,140,1236,86.0,37.0,24.0,140.0,1236.0
S054,HM003,D09,2026-08-09,73,58,79,252,1821,73.0,58.0,79.0,252.0,1821.0
S055,HM003,D10,2026-08-10,188,75,37,138,1980,188.0,75.0,37.0,138.0,1980.0
S056,HM003,D11,2026-08-11,79,27,61,248,1556,79.0,27.0,61.0,248.0,1556.0
S057,HM003,D12,2026-08-12,102,29,33,102,1074,102.0,29.0,33.0,102.0,1074.0
S058,HM003,D13,2026-08-13,29,18,40,159,917,29.0,18.0,40.0,159.0,917.0
S059,HM003,D14,2026-08-14,68,33,22,156,1189,68.0,33.0,22.0,156.0,1189.0
S060,HM003,D15,2026-08-15,105,46,72,269,1912,105.0,46.0,72.0,269.0,1912.0
S061,HM003,D16,2026-08-16,74,32,31,143,1155,74.0,32.0,31.0,143.0,1155.0
S062,HM003,D17,2026-08-17,188,54,89,340,2595,188.0,54.0,89.0,340.0,2595.0
S063,HM003,D18,2026-08-18,87,21,27,106,958,87.0,21.0,27.0,106.0,958.0
S064,HM003,D19,2026-08-19,141,65,27,59,1383,141.0,65.0,27.0,59.0,1383.0
S065,HM003,D20,2026-08-20,64,28,30,115,970,64.0,28.0,30.0,115.0,970.0
S066,HM003,D21,2026-08-21,230,64,71,247,2482,230.0,64.0,71.0,247.0,2482.0
S067,HM003,D22,2026-08-22,164,71,46,303,2510,164.0,71.0,46.0,303.0,2510.0
S068,HM004,D01,2026-08-01,56,22,38,161,1069,56.0,22.0,38.0,161.0,1069.0
S069,HM004,D02,2026-08-02,59,28,32,100,884,59.0,28.0,32.0,100.0,884.0
S070,HM004,D03,2026-08-03,117,23,66,332,2002,117.0,23.0,66.0,332.0,2002.0
S071,HM004,D04,2026-08-04,162,81,82,297,2564,162.0,81.0,82.0,297.0,2564.0
S072,HM004,D05,2026-08-05,116,45,64,273,1964,116.0,45.0,64.0,273.0,1964.0
S073,HM004,D06,2026-08-06,251,62,59,273,2659,251.0,62.0,59.0,273.0,2659.0
S074,HM004,D07,2026-08-07,77,45,72,273,1805,77.0,45.0,72.0,273.0,1805.0
S075,HM004,D08,2026-08-08,190,37,82,250,2090,190.0,37.0,82.0,250.0,2090.0
S076,HM004,D09,2026-08-09,120,30,114,449,2547,120.0,30.0,114.0,449.0,2547.0
S077,HM004,D10,2026-08-10,195,81,105,402,3116,195.0,81.0,105.0,402.0,3116.0
S078,HM004,D11,2026-08-11,155,52,76,343,2459,155.0,52.0,76.0,343.0,2459.0
S079,HM004,D12,2026-08-12,115,48,96,381,2416,115.0,48.0,96.0,381.0,2416.0
S080,HM004,D13,2026-08-13,240,50,37,181,2134,240.0,50.0,37.0,181.0,2134.0
S081,HM004,D14,2026-08-14,102,35,39,131,1252,102.0,35.0,39.0,131.0,1252.0
S082,HM004,D15,2026-08-15,56,13,83,285,1486,56.0,13.0,83.0,285.0,1486.0
S083,HM004,D16,2026-08-16,143,81,60,217,2172,143.0,81.0,60.0,217.0,2172.0
S084,HM004,D17,2026-08-17,211,66,76,372,2926,211.0,66.0,76.0,372.0,2926.0
S085,HM004,D18,2026-08-18,146,60,60,207,1952,146.0,60.0,60.0,207.0,1952.0
S086,HM004,D19,2026-08-19,54,15,32,146,935,54.0,15.0,32.0,146.0,935.0
S087,HM004,D20,2026-08-20,102,36,101,411,2373,102.0,36.0,101.0,411.0,2373.0
S088,HM004,D21,2026-08-21,134,49,86,220,1858,134.0,49.0,86.0,220.0,1858.0
S089,HM004,D22,2026-08-22,57,26,43,185,1196,57.0,26.0,43.0,185.0,1196.0
S090,HM005,D01,2026-08-01,68,18,41,175,1129,68.0,18.0,41.0,175.0,1129.0
S091,HM005,D02,2026-08-02,44,25,25,120,881,44.0,25.0,25.0,120.0,881.0
S092,HM005,D03,2026-08-03,141,37,46,146,1475,141.0,37.0,46.0,146.0,1475.0
S093,HM005,D04,2026-08-04,93,20,34,108,985,93.0,20.0,34.0,108.0,985.0
S094,HM005,D05,2026-08-05,81,21,45,253,1522,81.0,21.0,45.0,253.0,1522.0
S095,HM005,D06,2026-08-06,100,68,75,252,2021,100.0,68.0,75.0,252.0,2021.0
S096,HM005,D07,2026-08-07,54,19,19,103,797,54.0,19.0,19.0,103.0,797.0
S097,HM005,D08,2026-08-08,58,24,63,254,1462,58.0,24.0,63.0,254.0,1462.0
S098,HM005,D09,2026-08-09,30,33,44,282,1545,30.0,33.0,44.0,282.0,1545.0
S099,HM005,D10,2026-08-10,26,13,47,163,874,26.0,13.0,47.0,163.0,874.0
S100,HM005,D11,2026-08-11,158,41,99,344,2377,158.0,41.0,99.0,344.0,2377.0
S101,HM005,D12,2026-08-12,100,43,48,183,1515,100.0,43.0,48.0,183.0,1515.0
S102,HM005,D13,2026-08-13,84,14,34,123,960,84.0,14.0,34.0,123.0,960.0
S103,HM005,D14,2026-08-14,166,80,42,258,2417,166.0,80.0,42.0,258.0,2417.0
S104,HM005,D15,2026-08-15,143,18,27,170,1415,143.0,18.0,27.0,170.0,1415.0
S105,HM005,D16,2026-08-16,34,16,43,164,940,34.0,16.0,43.0,164.0,940.0
S106,HM005,D17,2026-08-17,66,43,73,313,1904,66.0,43.0,73.0,313.0,1904.0
S107,HM005,D18,2026-08-18,48,17,31,132,869,48.0,17.0,31.0,132.0,869.0
S108,HM005,D19,2026-08-19,53,38,52,227,1457,53.0,38.0,52.0,227.0,1457.0
S109,HM005,D20,2026-08-20,75,35,46,244,1593,75.0,35.0,46.0,244.0,1593.0
S110,HM005,D21,2026-08-21,90,50,83,241,1770,90.0,50.0,83.0,241.0,1770.0
S111,HM005,D22,2026-08-22,47,25,78,245,1394,47.0,25.0,78.0,245.0,1394.0
S112,HM006,D01,2026-08-01,75,27,30,120,1022,75.0,27.0,30.0,120.0,1022.0
S113,HM006,D02,2026-08-02,30,25,16,85,687,30.0,25.0,16.0,85.0,687.0
S114,HM006,D03,2026-08-03,27,11,17,87,560,27.0,11.0,17.0,87.0,560.0
S115,HM006,D04,2026-08-04,24,13,29,84,549,24.0,13.0,29.0,84.0,549.0
S116,HM006,D05,2026-08-05,110,23,46,171,1330,110.0,23.0,46.0,171.0,1330.0
S117,HM006,D06,2026-08-06,51,17,49,157,989,51.0,17.0,49.0,157.0,989.0
S118,HM006,D07,2026-08-07,75,30,43,237,1520,75.0,30.0,43.0,237.0,1520.0
S119,HM006,D08,2026-08-08,99,37,17,90,1089,99.0,37.0,17.0,90.0,1089.0
S120,HM006,D09,2026-08-09,106,41,16,84,1129,106.0,41.0,16.0,84.0,1129.0
S121,HM006,D10,2026-08-10,77,45,45,182,1443,77.0,45.0,45.0,182.0,1443.0
S122,HM006,D11,2026-08-11,91,28,43,183,1347,91.0,28.0,43.0,183.0,1347.0
S123,HM006,D12,2026-08-12,71,15,12,44,594,71.0,15.0,12.0,44.0,594.0
S124,HM006,D13,2026-08-13,58,22,24,69,708,58.0,22.0,24.0,69.0,708.0
S125,HM006,D14,2026-08-14,28,9,15,92,560,28.0,9.0,15.0,92.0,560.0
S126,HM006,D15,2026-08-15,46,31,33,130,979,46.0,31.0,33.0,130.0,979.0
S127,HM006,D16,2026-08-16,39,21,18,86,687,39.0,21.0,18.0,86.0,687.0
S128,HM006,D17,2026-08-17,29,14,26,73,531,29.0,14.0,26.0,73.0,531.0
S129,HM006,D18,2026-08-18,52,18,13,66,636,52.0,18.0,13.0,66.0,636.0
S130,HM006,D19,2026-08-19,59,19,23,140,966,59.0,19.0,23.0,140.0,966.0
S131,HM006,D20,2026-08-20,70,36,30,91,967,70.0,36.0,30.0,91.0,967.0
S132,HM006,D21,2026-08-21,39,15,36,192,1059,39.0,15.0,36.0,192.0,1059.0
S133,HM006,D22,2026-08-22,78,38,37,185,1390,78.0,38.0,37.0,185.0,1390.0
S134,HM007,D01,2026-08-01,53,30,42,157,1103,53.0,30.0,42.0,156.0,1103.0
S135,HM007,D02,2026-08-02,39,12,24,90,627,39.0,12.0,24.0,90.0,627.0
S136,HM007,D03,2026-08-03,69,58,52,220,1676,69.0,58.0,52.0,220.0,1676.0
S137,HM007,D04,2026-08-04,54,37,38,183,1279,54.0,37.0,38.0,183.0,1279.0
S138,HM007,D05,2026-08-05,59,38,32,135,1117,59.0,38.0,32.0,135.0,1117.0
S139,HM007,D06,2026-08-06,68,34,46,167,1245,68.0,34.0,46.0,167.0,1245.0
S140,HM007,D07,2026-08-07,98,47,82,211,1656,98.0,47.0,82.0,211.0,1656.0
S141,HM007,D08,2026-08-08,68,30,38,176,1249,68.0,30.0,38.0,176.0,1249.0
S142,HM007,D09,2026-08-09,87,21,52,192,1300,87.0,21.0,52.0,192.0,1300.0
S143,HM007,D10,2026-08-10,90,7,22,93,792,90.0,7.0,22.0,93.0,792.0
S144,HM007,D11,2026-08-11,53,12,20,87,663,53.0,12.0,20.0,87.0,663.0
S145,HM007,D12,2026-08-12,40,27,25,91,764,40.0,27.0,25.0,91.0,764.0
S146,HM007,D13,2026-08-13,111,50,56,184,1626,111.0,50.0,56.0,184.0,1626.0
S147,HM007,D14,2026-08-14,153,85,32,100,1777,152.0,85.0,32.0,100.0,1777.0
S148,HM007,D15,2026-08-15,98,21,54,186,1325,98.0,21.0,54.0,186.0,1325.0
S149,HM007,D16,2026-08-16,175,42,61,214,1942,175.0,42.0,61.0,214.0,1942.0
S150,HM007,D17,2026-08-17,19,6,32,108,563,19.0,6.0,32.0,108.0,563.0
S151,HM007,D18,2026-08-18,49,14,44,219,1200,49.0,14.0,44.0,219.0,1200.0
S152,HM007,D19,2026-08-19,32,21,20,136,860,32.0,21.0,20.0,136.0,860.0
S153,HM007,D20,2026-08-20,171,56,54,127,1700,171.0,56.0,54.0,127.0,1700.0
S154,HM007,D21,2026-08-21,85,60,81,205,1700,85.0,60.0,81.0,205.0,1700.0
S155,HM007,D22,2026-08-22,76,24,10,28,636,76.0,24.0,10.0,28.0,636.0
S156,HM008,D01,2026-08-01,81,52,46,176,1497,81.0,52.0,46.0,176.0,1497.0
S157,HM008,D02,2026-08-02,77,32,63,182,1323,77.0,32.0,63.0,182.0,1323.0
S158,HM008,D03,2026-08-03,45,26,24,190,1171,45.0,26.0,24.0,190.0,1171.0
S159,HM008,D04,2026-08-04,38,7,37,99,611,38.0,7.0,37.0,99.0,611.0
S160,HM008,D05,2026-08-05,55,21,24,101,815,55.0,21.0,24.0,101.0,815.0
S161,HM008,D06,2026-08-06,30,22,34,96,698,30.0,22.0,34.0,96.0,698.0
S162,HM008,D07,2026-08-07,41,19,17,74,631,41.0,19.0,17.0,74.0,631.0
S163,HM008,D08,2026-08-08,93,29,76,229,1545,93.0,29.0,76.0,229.0,1545.0
S164,HM008,D09,2026-08-09,48,19,32,160,1003,48.0,19.0,32.0,160.0,1003.0
S165,HM008,D10,2026-08-10,49,9,49,171,964,49.0,9.0,49.0,171.0,964.0
S166,HM008,D11,2026-08-11,34,16,22,89,641,34.0,16.0,22.0,89.0,641.0
S167,HM008,D12,2026-08-12,55,27,34,164,1116,55.0,27.0,34.0,164.0,1116.0
S168,HM008,D13,2026-08-13,60,59,46,241,1739,60.0,59.0,46.0,241.0,1739.0
S169,HM008,D14,2026-08-14,19,5,28,103,534,18.0,5.0,28.0,103.0,534.0
S170,HM008,D15,2026-08-15,48,23,22,84,742,48.0,23.0,22.0,84.0,742.0
S171,HM008,D16,2026-08-16,36,19,32,175,1018,36.0,19.0,32.0,175.0,1018.0
S172,HM008,D17,2026-08-17,76,25,56,129,1042,76.0,25.0,56.0,129.0,1042.0
S173,HM008,D18,2026-08-18,90,62,46,212,1763,90.0,62.0,46.0,212.0,1763.0
S174,HM008,D19,2026-08-19,25,14,18,113,676,25.0,14.0,18.0,113.0,676.0
S175,HM008,D20,2026-08-20,102,35,56,175,1421,102.0,35.0,56.0,175.0,1421.0
S176,HM008,D21,2026-08-21,77,45,73,180,1437,77.0,45.0,73.0,180.0,1437.0
S177,HM008,D22,2026-08-22,104,56,49,211,1763,104.0,56.0,49.0,211.0,1763.0
S178,HM009,D01,2026-08-01,69,31,43,266,1616,69.0,31.0,43.0,266.0,1616.0
S179,HM009,D02,2026-08-02,66,41,32,181,1357,66.0,41.0,32.0,181.0,1357.0
S180,HM009,D03,2026-08-03,125,66,46,171,1777,125.0,66.0,46.0,171.0,1777.0
S181,HM009,D04,2026-08-04,89,18,25,101,921,89.0,18.0,25.0,101.0,921.0
S182,HM009,D05,2026-08-05,42,24,19,100,780,42.0,24.0,19.0,100.0,780.0
S183,HM009,D06,2026-08-06,30,11,22,100,618,30.0,11.0,22.0,100.0,618.0
S184,HM009,D07,2026-08-07,49,27,6,55,654,49.0,27.0,6.0,55.0,654.0
S185,HM009,D08,2026-08-08,94,68,49,184,1722,94.0,68.0,49.0,184.0,1722.0
S186,HM009,D09,2026-08-09,48,26,65,344,1806,48.0,26.0,65.0,344.0,1806.0
S187,HM009,D10,2026-08-10,26,13,24,112,667,26.0,13.0,24.0,112.0,667.0
S188,HM009,D11,2026-08-11,45,33,51,165,1134,45.0,33.0,51.0,165.0,1134.0
S189,HM009,D12,2026-08-12,101,43,51,236,1735,101.0,43.0,51.0,236.0,1735.0
S190,HM009,D13,2026-08-13,76,11,23,64,657,76.0,11.0,23.0,64.0,657.0
S191,HM009,D14,2026-08-14,105,48,49,207,1680,105.0,48.0,49.0,207.0,1680.0
S192,HM009,D15,2026-08-15,50,21,33,114,848,50.0,21.0,33.0,114.0,848.0
S193,HM009,D16,2026-08-16,158,51,70,174,1784,158.0,51.0,70.0,174.0,1784.0
S194,HM009,D17,2026-08-17,28,21,27,95,675,28.0,21.0,27.0,95.0,675.0
S195,HM009,D18,2026-08-18,76,32,54,260,1633,76.0,32.0,54.0,260.0,1633.0
S196,HM009,D19,2026-08-19,42,12,32,104,688,42.0,12.0,32.0,104.0,688.0
S197,HM009,D20,2026-08-20,162,37,24,76,1279,162.0,37.0,24.0,76.0,1279.0
S198,HM009,D21,2026-08-21,79,19,26,99,881,79.0,19.0,26.0,99.0,881.0
S199,HM009,D22,2026-08-22,69,53,59,268,1825,69.0,53.0,59.0,268.0,1825.0
S200,HM010,D01,2026-08-01,164,68,50,266,2333,164.0,68.0,50.0,266.0,2333.0
S201,HM010,D02,2026-08-02,59,10,35,233,1260,59.0,10.0,35.0,233.0,1260.0
S202,HM010,D03,2026-08-03,134,94,106,418,3055,134.0,94.0,106.0,418.0,3055.0
S203,HM010,D04,2026-08-04,184,86,90,353,2922,184.0,86.0,90.0,353.0,2922.0
S204,HM010,D05,2026-08-05,214,15,58,219,1871,214.0,15.0,58.0,219.0,1871.0
S205,HM010,D06,2026-08-06,103,50,120,526,2965,103.0,50.0,120.0,526.0,2965.0
S206,HM010,D07,2026-08-07,113,63,85,288,2170,113.0,63.0,85.0,288.0,2170.0
S207,HM010,D08,2026-08-08,234,110,100,358,3358,234.0,110.0,100.0,358.0,3358.0
S208,HM010,D09,2026-08-09,74,20,29,190,1235,74.0,20.0,29.0,190.0,1235.0
S209,HM010,D10,2026-08-10,185,55,89,335,2580,185.0,55.0,89.0,335.0,2580.0
S210,HM010,D11,2026-08-11,160,102,113,435,3296,160.0,102.0,113.0,435.0,3296.0
S211,HM010,D12,2026-08-12,105,73,39,266,2143,105.0,73.0,39.0,266.0,2143.0
S212,HM010,D13,2026-08-13,178,58,69,388,2782,178.0,58.0,69.0,388.0,2782.0
S213,HM010,D14,2026-08-14,209,107,38,201,2602,209.0,107.0,38.0,201.0,2602.0
S214,HM010,D15,2026-08-15,109,102,81,379,2873,109.0,102.0,81.0,379.0,2873.0
S215,HM010,D16,2026-08-16,148,117,60,288,2803,148.0,117.0,60.0,288.0,2803.0
S216,HM010,D17,2026-08-17,118,46,23,111,1330,118.0,46.0,23.0,111.0,1330.0
S217,HM010,D18,2026-08-18,110,54,102,353,2335,110.0,54.0,102.0,353.0,2335.0
S218,HM010,D19,2026-08-19,155,24,47,345,2215,155.0,24.0,47.0,345.0,2215.0
S219,HM010,D20,2026-08-20,79,53,48,366,2255,79.0,53.0,48.0,366.0,2255.0
S220,HM010,D21,2026-08-21,100,46,111,524,2907,100.0,46.0,111.0,524.0,2907.0
S221,HM010,D22,2026-08-22,225,65,55,215,2347,225.0,65.0,55.0,215.0,2347.0
S222,HM011,D01,2026-08-01,46,34,35,145,1068,46.0,34.0,35.0,145.0,1068.0
S223,HM011,D02,2026-08-02,129,49,125,386,2501,129.0,49.0,125.0,386.0,2501.0
S224,HM011,D03,2026-08-03,126,53,52,244,1956,126.0,53.0,52.0,244.0,1956.0
S225,HM011,D04,2026-08-04,151,33,32,238,1851,151.0,33.0,32.0,238.0,1851.0
S226,HM011,D05,2026-08-05,132,27,85,288,1924,132.0,27.0,85.0,288.0,1924.0
S227,HM011,D06,2026-08-06,96,64,47,237,1903,96.0,64.0,47.0,237.0,1903.0
S228,HM011,D07,2026-08-07,134,51,74,213,1849,134.0,51.0,74.0,213.0,1849.0
S229,HM011,D08,2026-08-08,109,49,70,285,2018,109.0,49.0,70.0,285.0,2018.0
S230,HM011,D09,2026-08-09,53,22,30,244,1388,53.0,22.0,30.0,244.0,1388.0
S231,HM011,D10,2026-08-10,58,29,43,172,1180,58.0,29.0,43.0,172.0,1180.0
S232,HM011,D11,2026-08-11,152,16,22,81,1075,152.0,16.0,22.0,81.0,1075.0
S233,HM011,D12,2026-08-12,121,68,90,319,2368,121.0,68.0,90.0,319.0,2368.0
S234,HM011,D13,2026-08-13,108,22,24,106,1052,108.0,22.0,24.0,106.0,1052.0
S235,HM011,D14,2026-08-14,108,18,104,306,1819,108.0,18.0,104.0,306.0,1819.0
S236,HM011,D15,2026-08-15,211,101,66,283,2884,211.0,101.0,66.0,283.0,2884.0
S237,HM011,D16,2026-08-16,143,28,69,313,2072,143.0,28.0,69.0,313.0,2072.0
S238,HM011,D17,2026-08-17,176,70,139,371,2818,176.0,70.0,139.0,371.0,2818.0
S239,HM011,D18,2026-08-18,118,60,59,231,1933,118.0,60.0,59.0,231.0,1933.0
S240,HM011,D19,2026-08-19,100,48,77,307,2065,100.0,48.0,77.0,307.0,2065.0
S241,HM011,D20,2026-08-20,234,52,91,364,2854,234.0,52.0,91.0,364.0,2854.0
S242,HM011,D21,2026-08-21,107,27,74,445,2451,107.0,27.0,74.0,445.0,2451.0
S243,HM011,D22,2026-08-22,158,53,28,155,1726,158.0,53.0,28.0,155.0,1726.0
S244,HM012,D01,2026-08-01,130,29,21,166,1443,130.0,29.0,21.0,166.0,1443.0
S245,HM012,D02,2026-08-02,76,25,49,246,1510,76.0,25.0,49.0,246.0,1510.0
S246,HM012,D03,2026-08-03,397,87,86,260,3412,397.0,87.0,86.0,260.0,3412.0
S247,HM012,D04,2026-08-04,78,19,41,130,1003,78.0,19.0,41.0,130.0,1003.0
S248,HM012,D05,2026-08-05,91,47,51,186,1535,91.0,47.0,51.0,186.0,1535.0
S249,HM012,D06,2026-08-06,75,11,65,184,1137,75.0,11.0,65.0,184.0,1137.0
S250,HM012,D07,2026-08-07,85,33,49,394,2213,85.0,33.0,49.0,394.0,2213.0
S251,HM012,D08,2026-08-08,123,45,86,497,2889,123.0,45.0,86.0,497.0,2889.0
S252,HM012,D09,2026-08-09,102,29,65,357,2095,102.0,29.0,65.0,357.0,2095.0
S253,HM012,D10,2026-08-10,290,81,76,315,3154,290.0,81.0,76.0,315.0,3154.0
S254,HM012,D11,2026-08-11,164,55,63,264,2206,164.0,55.0,63.0,264.0,2206.0
S255,HM012,D12,2026-08-12,173,79,106,403,3016,173.0,79.0,106.0,403.0,3016.0
S256,HM012,D13,2026-08-13,56,12,59,293,1507,56.0,12.0,59.0,293.0,1507.0
S257,HM012,D14,2026-08-14,187,59,29,115,1736,187.0,59.0,29.0,115.0,1736.0
S258,HM012,D15,2026-08-15,106,65,102,328,2323,106.0,65.0,102.0,328.0,2323.0
S259,HM012,D16,2026-08-16,60,17,40,137,937,60.0,17.0,40.0,137.0,937.0
S260,HM012,D17,2026-08-17,188,56,79,439,3016,188.0,56.0,79.0,439.0,3016.0
S261,HM012,D18,2026-08-18,51,14,54,221,1213,50.0,14.0,54.0,221.0,1213.0
S262,HM012,D19,2026-08-19,176,80,90,453,3237,176.0,80.0,90.0,453.0,3237.0
S263,HM012,D20,2026-08-20,81,49,13,161,1416,81.0,49.0,13.0,161.0,1416.0
S264,HM012,D21,2026-08-21,168,132,91,294,3030,168.0,132.0,91.0,294.0,3030.0
S265,HM012,D22,2026-08-22,132,59,101,393,2636,132.0,59.0,101.0,393.0,2636.0
S266,HM013,D01,2026-08-01,165,28,39,319,2186,165.0,28.0,39.0,319.0,2186.0
S267,HM013,D02,2026-08-02,187,67,45,209,2186,187.0,67.0,45.0,209.0,2186.0
S268,HM013,D03,2026-08-03,110,65,76,294,2203,110.0,65.0,76.0,294.0,2203.0
S269,HM013,D04,2026-08-04,77,40,32,178,1380,77.0,40.0,32.0,178.0,1380.0
S270,HM013,D05,2026-08-05,223,97,82,339,3119,223.0,97.0,82.0,339.0,3119.0
S271,HM013,D06,2026-08-06,91,67,41,94,1345,91.0,67.0,41.0,94.0,1345.0
S272,HM013,D07,2026-08-07,194,39,42,254,2147,194.0,39.0,42.0,254.0,2147.0
S273,HM013,D08,2026-08-08,128,37,53,187,1594,128.0,37.0,53.0,187.0,1594.0
S274,HM013,D09,2026-08-09,164,68,71,242,2234,164.0,68.0,71.0,242.0,2234.0
S275,HM013,D10,2026-08-10,75,68,56,190,1675,75.0,68.0,56.0,190.0,1675.0
S276,HM013,D11,2026-08-11,91,37,38,157,1321,91.0,37.0,38.0,157.0,1321.0
S277,HM013,D12,2026-08-12,44,16,37,242,1289,44.0,16.0,37.0,242.0,1289.0
S278,HM013,D13,2026-08-13,177,50,65,218,2029,177.0,50.0,65.0,218.0,2029.0
S279,HM013,D14,2026-08-14,194,93,65,303,2828,194.0,93.0,65.0,303.0,2828.0
S280,HM013,D15,2026-08-15,138,63,73,246,2099,138.0,63.0,73.0,246.0,2099.0
S281,HM013,D16,2026-08-16,98,59,30,149,1518,98.0,59.0,30.0,149.0,1518.0
S282,HM013,D17,2026-08-17,57,30,72,297,1680,57.0,30.0,72.0,297.0,1680.0
S283,HM013,D18,2026-08-18,72,50,82,290,1895,72.0,50.0,82.0,290.0,1895.0
S284,HM013,D19,2026-08-19,144,42,59,343,2328,144.0,42.0,59.0,343.0,2328.0
S285,HM013,D20,2026-08-20,142,44,95,312,2208,142.0,44.0,95.0,312.0,2208.0
S286,HM013,D21,2026-08-21,108,49,26,122,1367,108.0,49.0,26.0,122.0,1367.0
S287,HM013,D22,2026-08-22,195,59,46,241,2271,195.0,59.0,46.0,241.0,2271.0
S288,HM014,D01,2026-08-01,138,23,43,227,1665,138.0,23.0,43.0,227.0,1665.0
S289,HM014,D02,2026-08-02,104,33,53,198,1504,104.0,33.0,53.0,198.0,1504.0
S290,HM014,D03,2026-08-03,139,18,32,216,1582,139.0,18.0,32.0,216.0,1582.0
S291,HM014,D04,2026-08-04,56,26,77,279,1574,56.0,26.0,77.0,279.0,1574.0
S292,HM014,D05,2026-08-05,105,64,68,179,1719,105.0,64.0,68.0,179.0,1719.0
S293,HM014,D06,2026-08-06,45,16,39,216,1185,45.0,16.0,39.0,216.0,1185.0
S294,HM014,D07,2026-08-07,30,12,23,116,689,30.0,12.0,23.0,116.0,689.0
S295,HM014,D08,2026-08-08,68,56,53,226,1677,68.0,56.0,53.0,226.0,1677.0
S296,HM014,D09,2026-08-09,121,46,42,182,1629,121.0,46.0,42.0,182.0,1629.0
S297,HM014,D10,2026-08-10,60,54,68,236,1671,60.0,54.0,68.0,236.0,1671.0
S298,HM014,D11,2026-08-11,122,41,38,191,1622,122.0,41.0,38.0,191.0,1622.0
S299,HM014,D12,2026-08-12,48,11,19,96,675,48.0,11.0,19.0,96.0,675.0
S300,HM014,D13,2026-08-13,115,37,48,175,1494,115.0,37.0,48.0,175.0,1494.0
S301,HM014,D14,2026-08-14,39,14,30,224,1175,39.0,14.0,30.0,224.0,1175.0
S302,HM014,D15,2026-08-15,35,50,20,41,758,35.0,50.0,20.0,41.0,758.0
S303,HM014,D16,2026-08-16,26,9,20,114,641,26.0,9.0,20.0,114.0,641.0
S304,HM014,D17,2026-08-17,32,25,36,116,822,32.0,25.0,36.0,116.0,822.0
S305,HM014,D18,2026-08-18,38,27,22,86,739,38.0,27.0,22.0,86.0,739.0
S306,HM014,D19,2026-08-19,66,13,33,199,1177,66.0,13.0,33.0,199.0,1177.0
S307,HM014,D20,2026-08-20,81,16,35,169,1144,81.0,16.0,35.0,169.0,1144.0
S308,HM014,D21,2026-08-21,61,42,27,126,1131,61.0,42.0,27.0,126.0,1131.0
S309,HM014,D22,2026-08-22,81,16,28,154,1082,81.0,16.0,28.0,154.0,1082.0
S310,HM015,D01,2026-08-01,31,13,23,152,854,31.0,13.0,23.0,152.0,854.0
S311,HM015,D02,2026-08-02,59,29,25,91,858,59.0,29.0,25.0,91.0,858.0
S312,HM015,D03,2026-08-03,59,24,38,228,1369,59.0,24.0,38.0,228.0,1369.0
S313,HM015,D04,2026-08-04,62,31,32,112,975,62.0,31.0,32.0,112.0,975.0
S314,HM015,D05,2026-08-05,22,17,20,91,605,22.0,17.0,20.0,91.0,605.0
S315,HM015,D06,2026-08-06,47,25,20,69,690,47.0,25.0,20.0,69.0,690.0
S316,HM015,D07,2026-08-07,23,13,27,111,654,23.0,13.0,27.0,111.0,654.0
S317,HM015,D08,2026-08-08,57,30,27,186,1238,57.0,30.0,27.0,186.0,1238.0
S318,HM015,D09,2026-08-09,71,26,52,181,1245,71.0,26.0,52.0,181.0,1245.0
S319,HM015,D10,2026-08-10,37,11,36,162,892,37.0,11.0,36.0,162.0,892.0
S320,HM015,D11,2026-08-11,63,29,26,98,909,63.0,29.0,26.0,98.0,909.0
S321,HM015,D12,2026-08-12,28,13,27,103,638,28.0,13.0,27.0,103.0,638.0
S322,HM015,D13,2026-08-13,34,11,25,100,637,34.0,11.0,25.0,100.0,637.0
S323,HM015,D14,2026-08-14,32,13,29,72,536,32.0,13.0,29.0,72.0,536.0
S324,HM015,D15,2026-08-15,32,14,15,98,642,32.0,14.0,15.0,98.0,642.0
S325,HM015,D16,2026-08-16,133,27,60,146,1356,133.0,27.0,60.0,146.0,1356.0
S326,HM015,D17,2026-08-17,75,37,36,154,1251,75.0,37.0,36.0,154.0,1251.0
S327,HM015,D18,2026-08-18,60,19,33,141,979,60.0,19.0,33.0,141.0,979.0
S328,HM015,D19,2026-08-19,44,25,13,50,604,44.0,25.0,13.0,50.0,604.0
S329,HM015,D20,2026-08-20,43,28,32,200,1220,43.0,28.0,32.0,200.0,1220.0
S330,HM015,D21,2026-08-21,48,14,26,137,868,48.0,14.0,26.0,137.0,868.0
S331,HM015,D22,2026-08-22,54,27,36,126,963,54.0,27.0,36.0,126.0,963.0
S332,HM016,D01,2026-08-01,58,29,32,119,972,58.0,29.0,32.0,119.0,972.0
S333,HM016,D02,2026-08-02,84,25,65,253,1571,84.0,25.0,65.0,253.0,1571.0
S334,HM016,D03,2026-08-03,97,42,35,144,1341,97.0,42.0,35.0,144.0,1341.0
S335,HM016,D04,2026-08-04,46,21,41,143,944,46.0,21.0,41.0,143.0,944.0
S336,HM016,D05,2026-08-05,77,15,21,64,702,77.0,15.0,21.0,64.0,702.0
S337,HM016,D06,2026-08-06,134,51,31,163,1645,134.0,51.0,31.0,163.0,1645.0
S338,HM016,D07,2026-08-07,72,11,40,148,976,72.0,11.0,40.0,148.0,976.0
S339,HM016,D08,2026-08-08,112,48,31,148,1467,112.0,48.0,31.0,148.0,1467.0
S340,HM016,D09,2026-08-09,62,16,39,148,981,62.0,16.0,39.0,148.0,981.0
S341,HM016,D10,2026-08-10,67,24,42,124,985,67.0,24.0,42.0,124.0,985.0
S342,HM016,D11,2026-08-11,68,16,28,139,972,68.0,16.0,28.0,139.0,972.0
S343,HM016,D12,2026-08-12,123,43,33,156,1502,123.0,43.0,33.0,156.0,1502.0
S344,HM016,D13,2026-08-13,61,32,53,209,1366,61.0,32.0,53.0,209.0,1366.0
S345,HM016,D14,2026-08-14,71,20,42,153,1078,71.0,20.0,42.0,153.0,1078.0
S346,HM016,D15,2026-08-15,51,11,19,70,587,51.0,11.0,19.0,70.0,587.0
S347,HM016,D16,2026-08-16,71,23,52,219,1365,71.0,23.0,52.0,219.0,1365.0
S348,HM016,D17,2026-08-17,49,8,49,193,1043,49.0,8.0,49.0,193.0,1043.0
S349,HM016,D18,2026-08-18,29,6,27,96,560,29.0,6.0,27.0,96.0,560.0
S350,HM016,D19,2026-08-19,16,20,17,103,653,16.0,20.0,17.0,103.0,653.0
S351,HM016,D20,2026-08-20,71,28,31,121,1020,71.0,28.0,31.0,121.0,1020.0
S352,HM016,D21,2026-08-21,24,11,25,135,735,24.0,11.0,25.0,135.0,735.0
S353,HM016,D22,2026-08-22,34,14,19,111,705,34.0,14.0,19.0,111.0,705.0
S354,HM017,D01,2026-08-01,49,21,9,74,675,49.0,21.0,9.0,74.0,675.0
S355,HM017,D02,2026-08-02,79,20,85,296,1677,79.0,20.0,85.0,296.0,1677.0
S356,HM017,D03,2026-08-03,71,23,33,182,1224,71.0,23.0,33.0,182.0,1224.0
S357,HM017,D04,2026-08-04,63,25,44,170,1157,63.0,25.0,44.0,170.0,1157.0
S358,HM017,D05,2026-08-05,40,10,39,159,890,40.0,10.0,39.0,159.0,890.0
S359,HM017,D06,2026-08-06,114,96,44,149,1915,114.0,96.0,44.0,149.0,1915.0
S360,HM017,D07,2026-08-07,91,24,34,141,1146,91.0,24.0,34.0,141.0,1146.0
S361,HM017,D08,2026-08-08,41,33,24,94,838,41.0,33.0,24.0,94.0,838.0
S362,HM017,D09,2026-08-09,60,15,62,307,1602,60.0,15.0,62.0,307.0,1602.0
S363,HM017,D10,2026-08-10,70,37,31,151,1217,70.0,37.0,31.0,151.0,1217.0
S364,HM017,D11,2026-08-11,49,12,28,101,711,49.0,12.0,28.0,101.0,711.0
S365,HM017,D12,2026-08-12,51,18,42,206,1192,51.0,18.0,42.0,206.0,1192.0
S366,HM017,D13,2026-08-13,71,31,32,168,1240,71.0,31.0,32.0,168.0,1240.0
S367,HM017,D14,2026-08-14,61,33,56,152,1150,61.0,33.0,56.0,152.0,1150.0
S368,HM017,D15,2026-08-15,90,75,55,229,1954,90.0,75.0,55.0,229.0,1954.0
S369,HM017,D16,2026-08-16,84,41,54,206,1531,84.0,41.0,54.0,206.0,1531.0
S370,HM017,D17,2026-08-17,119,20,13,153,1269,119.0,20.0,13.0,153.0,1269.0
S371,HM017,D18,2026-08-18,40,30,27,79,749,40.0,30.0,27.0,79.0,749.0
S372,HM017,D19,2026-08-19,63,39,45,126,1110,63.0,39.0,45.0,126.0,1110.0
S373,HM017,D20,2026-08-20,50,18,46,269,1441,50.0,18.0,46.0,269.0,1441.0
S374,HM017,D21,2026-08-21,30,10,21,115,664,30.0,10.0,21.0,115.0,664.0
S375,HM017,D22,2026-08-22,35,8,40,149,813,35.0,8.0,40.0,149.0,813.0
