target_id,target_date,user_id,summary_id,protein,fat,fibre,carb,calories
T0002,2026-08-01,HM001,S002,Not Achieved (118.8g),Not Achieved (30.8g),Achieved (59.2g),Achieved (293.8g),Achieved (1927.7kcal)
T0003,2026-08-02,HM001,S003,Not Achieved (72.5g),Not Achieved (40.7g),Achieved (23.8g),Achieved (182.6g),Not Achieved (1386.5kcal)
T0004,2026-08-03,HM001,S004,Not Achieved (67.1g),Not Achieved (31.9g),Achieved (36.7g),Achieved (227.6g),Not Achieved (1465.8kcal)
T0005,2026-08-04,HM001,S005,Not Achieved (75.3g),Not Achieved (26.7g),Not Achieved (20.8g),Not Achieved (115.1g),Not Achieved (1002kcal)
T0006,2026-08-05,HM001,S006,Not Achieved (105g),Not Achieved (51.2g),Achieved (60g),Achieved (263.4g),Achieved (1934.2kcal)
T0007,2026-08-06,HM001,S007,Not Achieved (67.3g),Achieved (65g),Achieved (67.4g),Achieved (252.5g),Achieved (1863.7kcal)
T0008,2026-08-07,HM001,S008,Not Achieved (59.2g),Not Achieved (19.2g),Achieved (32.2g),Not Achieved (85.9g),Not Achieved (752.9kcal)
T0009,2026-08-08,HM001,S009,Not Achieved (105.2g),Not Achieved (32.1g),Achieved (67.8g),Achieved (162.6g),Not Achieved (1359.9kcal)
T0010,2026-08-09,HM001,S010,Not Achieved (98.5g),Not Achieved (52.5g),Achieved (41.1g),Achieved (246.2g),Achieved (1851.3kcal)
T0011,2026-08-10,HM001,S011,Not Achieved (56.9g),Not Achieved (16.7g),Achieved (39.5g),Achieved (152.4g),Not Achieved (987.8kcal)
T0012,2026-08-11,HM001,S012,Achieved (131.3g),Achieved (58.8g),Achieved (54.6g),Achieved (299.8g),Achieved (2253.3kcal)
T0013,2026-08-12,HM001,S013,Achieved (139.6g),Achieved (68.7g),Achieved (65.2g),Achieved (266.8g),Achieved (2243.5kcal)
T0014,2026-08-13,HM001,S014,Not Achieved (111.2g),Not Achieved (42.2g),Achieved (54.1g),Achieved (153.6g),Not Achieved (1438.8kcal)
T0015,2026-08-14,HM001,S015,Not Achieved (58.8g),Not Achieved (23.4g),Achieved (44.4g),Achieved (147.4g),Not Achieved (1035.5kcal)
T0016,2026-08-15,HM001,S016,Not Achieved (68.3g),Not Achieved (28.3g),Achieved (59.6g),Achieved (322.4g),Achieved (1816.9kcal)
T0017,2026-08-16,HM001,S017,Not Achieved (88.4g),Not Achieved (42.2g),Achieved (48.1g),Achieved (192.8g),Not Achieved (1504.3kcal)
T0018,2026-08-17,HM001,S018,Not Achieved (66.3g),Not Achieved (10.5g),Achieved (28.3g),Achieved (168.1g),Not Achieved (1032.4kcal)
T0019,2026-08-18,HM001,S019,Not Achieved (56.1g),Not Achieved (15.8g),Achieved (34.9g),Achieved (146.4g),Not Achieved (952.3kcal)
T0020,2026-08-19,HM001,S020,Not Achieved (33.3g),Not Achieved (23.8g),Achieved (33.6g),Not Achieved (110.9g),Not Achieved (791.1kcal)
T0021,2026-08-20,HM001,S021,Not Achieved (100.3g),Achieved (56.8g),Achieved (73.3g),Achieved (228.3g),Achieved (1825.4kcal)
T0022,2026-08-21,HM001,S022,Not Achieved (56.4g),Not Achieved (19.4g),Achieved (40.2g),Achieved (130g),Not Achieved (920.3kcal)
T0023,2026-08-22,HM001,S023,Not Achieved (30.1g),Not Achieved (20.8g),Achieved (41.2g),Achieved (145.9g),Not Achieved (891.3kcal)
T0024,2026-08-01,HM002,S024,Not Achieved (45.3g),Not Achieved (23.3g),Achieved (31.5g),Achieved (102.1g),Not Achieved (798.8kcal)
T0025,2026-08-02,HM002,S025,Not Achieved (50.5g),Not Achieved (21.5g),Not Achieved (14.4g),Achieved (122.2g),Not Achieved (884.1kcal)
T0026,2026-08-03,HM002,S026,Not Achieved (66.1g),Not Achieved (27.5g),Achieved (52.1g),Achieved (178.5g),Not Achieved (1226.1kcal)
T0027,2026-08-04,HM002,S027,Achieved (112.1g),Achieved (43g),Achieved (65.1g),Achieved (295.6g),Achieved (2017.2kcal)
T0028,2026-08-05,HM002,S028,Not Achieved (70.9g),Not Achieved (33.3g),Achieved (56.7g),Achieved (295.8g),Achieved (1766.6kcal)
T0029,2026-08-06,HM002,S029,Not Achieved (74.6g),Achieved (46.2g),Achieved (58.7g),Achieved (251.3g),Achieved (1719.8kcal)
T0030,2026-08-07,HM002,S030,Achieved (115g),Not Achieved (34.8g),Achieved (79.6g),Achieved (223.5g),Achieved (1666.5kcal)
T0031,2026-08-08,HM002,S031,Not Achieved (65.2g),Not Achieved (33.4g),Achieved (41.7g),Achieved (167.4g),Not Achieved (1230.7kcal)
T0032,2026-08-09,HM002,S032,Not Achieved (70.4g),Not Achieved (8g),Achieved (21.4g),Achieved (138.7g),Not Achieved (908kcal)
T0033,2026-08-10,HM002,S033,Not Achieved (60.5g),Achieved (47.3g),Achieved (47.4g),Achieved (124.9g),Not Achieved (1167.5kcal)
T0034,2026-08-11,HM002,S034,Not Achieved (71.4g),Not Achieved (15.4g),Achieved (23.8g),Achieved (107.8g),Not Achieved (855.8kcal)
T0035,2026-08-12,HM002,S035,Not Achieved (89.4g),Achieved (56.4g),Achieved (91.4g),Achieved (273.1g),Achieved (1957.6kcal)
T0036,2026-08-13,HM002,S036,Not Achieved (84.2g),Achieved (57.8g),Achieved (57.5g),Achieved (296.3g),Achieved (2042.6kcal)
T0037,2026-08-14,HM002,S037,Not Achieved (79.3g),Not Achieved (34g),Achieved (49.6g),Achieved (270.3g),Achieved (1704.5kcal)
T0038,2026-08-15,HM002,S038,Not Achieved (80.1g),Not Achieved (8.1g),Not Achieved (16g),Achieved (117.1g),Not Achieved (861.7kcal)
T0039,2026-08-16,HM002,S039,Not Achieved (59g),Not Achieved (14g),Achieved (19.5g),Achieved (125.1g),Not Achieved (862.8kcal)
T0040,2026-08-17,HM002,S040,Achieved (104.4g),Not Achieved (24.6g),Achieved (74.4g),Achieved (273g),Achieved (1731.2kcal)
T0041,2026-08-18,HM002,S041,Not Achieved (67.8g),Not Achieved (21.4g),Achieved (54.7g),Achieved (216.8g),Not Achieved (1330.4kcal)
T0042,2026-08-19,HM002,S042,Not Achieved (62g),Not Achieved (29.7g),Not Achieved (18g),Achieved (119.6g),Not Achieved (993.7kcal)
T0043,2026-08-20,HM002,S043,Achieved (104.7g),Not Achieved (24.4g),Achieved (46.5g),Achieved (145.2g),Not Achieved (1219kcal)
T0044,2026-08-21,HM002,S044,Achieved (137.7g),Not Achieved (23.4g),Achieved (48.4g),Achieved (214.8g),Achieved (1620.5kcal)
T0045,2026-08-22,HM002,S045,Not Achieved (57g),Not Achieved (36g),Achieved (36.9g),Achieved (155.8g),Not Achieved (1174.8kcal)
T0046,2026-08-01,HM003,S046,Not Achieved (98.8g),Achieved (31.4g),Achieved (37.1g),Achieved (266.2g),Not Achieved (1742.7kcal)
T0047,2026-08-02,HM003,S047,Achieved (169.8g),Achieved (41.3g),Achieved (56.1g),Achieved (164.2g),Not Achieved (1707.9kcal)
T0048,2026-08-03,HM003,S048,Not Achieved (54.5g),Achieved (42.7g),Not Achieved (13.4g),Achieved (103.7g),Not Achieved (1016.8kcal)
T0049,2026-08-04,HM003,S049,Not Achieved (77.2g),Achieved (41.9g),Achieved (48.3g),Achieved (234.7g),Not Achieved (1624.4kcal)
T0050,2026-08-05,HM003,S050,Not Achieved (46.7g),Achieved (51g),Not Achieved (23.7g),Achieved (104.9g),Not Achieved (1065.5kcal)
T0051,2026-08-06,HM003,S051,Not Achieved (83g),Achieved (51.4g),Achieved (43.4g),Achieved (228.2g),Not Achieved (1707.1kcal)
T0052,2026-08-07,HM003,S052,Achieved (212.2g),Achieved (65.7g),Achieved (80.9g),Achieved (342.1g),Achieved (2808.5kcal)
T0053,2026-08-08,HM003,S053,Not Achieved (85.8g),Achieved (36.7g),Not Achieved (23.6g),Achieved (140.5g),Not Achieved (1235.6kcal)
T0054,2026-08-09,HM003,S054,Not Achieved (73.2g),Achieved (57.7g),Achieved (78.7g),Achieved (252.1g),Not Achieved (1820.5kcal)
T0055,2026-08-10,HM003,S055,Achieved (188g),Achieved (75.2g),Achieved (37g),Achieved (137.8g),Achieved (1979.9kcal)
T0056,2026-08-11,HM003,S056,Not Achieved (79.2g),Not Achieved (27.4g),Achieved (61g),Achieved (248.1g),Not Achieved (1556.1kcal)
T0057,2026-08-12,HM003,S057,Not Achieved (102.2g),Not Achieved (28.6g),Achieved (33.5g),Achieved (101.8g),Not Achieved (1073.7kcal)
T0058,2026-08-13,HM003,S058,Not Achieved (28.7g),Not Achieved (18.4g),Achieved (39.6g),Achieved (159.3g),Not Achieved (917.3kcal)
T0059,2026-08-14,HM003,S059,Not Achieved (68.1g),Achieved (32.7g),Not Achieved (21.9g),Achieved (155.7g),Not Achieved (1189.1kcal)
T0060,2026-08-15,HM003,S060,Not Achieved (104.6g),Achieved (46.5g),Achieved (71.5g),Achieved (268.9g),Not Achieved (1912kcal)
T0061,2026-08-16,HM003,S061,Not Achieved (74.2g),Achieved (31.9g),Achieved (30.8g),Achieved (142.9g),Not Achieved (1155.2kcal)
T0062,2026-08-17,HM003,S062,Achieved (187.8g),Achieved (53.7g),Achieved (89g),Achieved (340g),Achieved (2594.8kcal)
T0063,2026-08-18,HM003,S063,Not Achieved (87g),Not Achieved (20.7g),Not Achieved (27.2g),Achieved (105.8g),Not Achieved (957.6kcal)
T0064,2026-08-19,HM003,S064,Achieved (141.4g),Achieved (64.5g),Not Achieved (27.3g),Not Achieved (59.1g),Not Achieved (1382.8kcal)
T0065,2026-08-20,HM003,S065,Not Achieved (64.4g),Not Achieved (28g),Achieved (30.5g),Achieved (115.2g),Not Achieved (970.4kcal)
T0066,2026-08-21,HM003,S066,Achieved (229.6g),Achieved (63.8g),Achieved (71.1g),Achieved (247.3g),Achieved (2481.8kcal)
T0067,2026-08-22,HM003,S067,Achieved (163.8g),Achieved (71.3g),Achieved (45.6g),Achieved (303.4g),Achieved (2509.8kcal)
T0068,2026-08-01,HM004,S068,Not Achieved (55.9g),Achieved (22.5g),Achieved (38.2g),Achieved (160.6g),Not Achieved (1068.6kcal)
T0069,2026-08-02,HM004,S069,Not Achieved (58.6g),Achieved (27.6g),Achieved (32.3g),Achieved (100.4g),Not Achieved (884.4kcal)
T0070,2026-08-03,HM004,S070,Not Achieved (116.7g),Achieved (22.9g),Achieved (66.3g),Achieved (332.1g),Not Achieved (2001.5kcal)
T0071,2026-08-04,HM004,S071,Not Achieved (162.4g),Achieved (80.6g),Achieved (81.6g),Achieved (297.5g),Achieved (2564.4kcal)
T0072,2026-08-05,HM004,S072,Not Achieved (115.9g),Achieved (45.3g),Achieved (64.3g),Achieved (273g),Not Achieved (1963.6kcal)
T0073,2026-08-06,HM004,S073,Achieved (251.3g),Achieved (62.3g),Achieved (59.4g),Achieved (273.2g),Achieved (2658.9kcal)
T0074,2026-08-07,HM004,S074,Not Achieved (77.2g),Achieved (44.8g),Achieved (72.2g),Achieved (273.1g),Not Achieved (1804.7kcal)
T0075,2026-08-08,HM004,S075,Not Achieved (189.5g),Achieved (36.8g),Achieved (81.8g),Achieved (250.3g),Not Achieved (2090.2kcal)
T0076,2026-08-09,HM004,S076,Not Achieved (120.4g),Achieved (29.7g),Achieved (113.8g),Achieved (449.5g),Achieved (2546.7kcal)
T0077,2026-08-10,HM004,S077,Achieved (195.1g),Achieved (80.9g),Achieved (104.8g),Achieved (402g),Achieved (3116.1kcal)
T0078,2026-08-11,HM004,S078,Not Achieved (155.2g),Achieved (51.8g),Achieved (75.5g),Achieved (342.9g),Achieved (2458.9kcal)
T0079,2026-08-12,HM004,S079,Not Achieved (115.1g),Achieved (47.8g),Achieved (95.8g),Achieved (381.4g),Achieved (2415.7kcal)
T0080,2026-08-13,HM004,S080,Achieved (240.2g),Achieved (49.8g),Achieved (36.8g),Achieved (181.4g),Not Achieved (2133.9kcal)
T0081,2026-08-14,HM004,S081,Not Achieved (102g),Achieved (35.3g),Achieved (38.7g),Achieved (131.3g),Not Achieved (1251.5kcal)
T0082,2026-08-15,HM004,S082,Not Achieved (56.2g),Achieved (13.5g),Achieved (83.4g),Achieved (284.9g),Not Achieved (1485.7kcal)
T0083,2026-08-16,HM004,S083,Not Achieved (142.9g),Achieved (81.2g),Achieved (60.4g),Achieved (217.3g),Not Achieved (2171.7kcal)
T0084,2026-08-17,HM004,S084,Achieved (210.8g),Achieved (66.1g),Achieved (76.4g),Achieved (372g),Achieved (2926kcal)
T0085,2026-08-18,HM004,S085,Not Achieved (145.8g),Achieved (60.3g),Achieved (60.5g),Achieved (206.6g),Not Achieved (1952.4kcal)
T0086,2026-08-19,HM004,S086,Not Achieved (53.7g),Achieved (15g),Achieved (31.8g),Achieved (146.3g),Not Achieved (935.1kcal)
T0087,2026-08-20,HM004,S087,Not Achieved (102.1g),Achieved (35.5g),Achieved (100.5g),Achieved (411.4g),Achieved (2373.5kcal)
T0088,2026-08-21,HM004,S088,Not Achieved (133.5g),Achieved (49.4g),Achieved (85.5g),Achieved (219.8g),Not Achieved (1857.5kcal)
T0089,2026-08-22,HM004,S089,Not Achieved (57.1g),Achieved (25.6g),Achieved (42.6g),Achieved (184.5g),Not Achieved (1196.3kcal)
T0090,2026-08-01,HM005,S090,Not Achieved (67.6g),Not Achieved (17.7g),Achieved (41.2g),Not Achieved (174.8g),Not Achieved (1128.8kcal)
T0091,2026-08-02,HM005,S091,Not Achieved (43.9g),Not Achieved (24.9g),Achieved (25.4g),Not Achieved (120.4g),Not Achieved (881.4kcal)
T0092,2026-08-03,HM005,S092,Not Achieved (140.5g),Not Achieved (36.6g),Achieved (45.7g),Not Achieved (145.8g),Not Achieved (1475.1kcal)
T0093,2026-08-04,HM005,S093,Not Achieved (93g),Not Achieved (20.3g),Achieved (33.5g),Not Achieved (107.5g),Not Achieved (985.4kcal)
T0094,2026-08-05,HM005,S094,Not Achieved (81.4g),Not Achieved (20.7g),Achieved (45.2g),Achieved (252.7g),Not Achieved (1522.5kcal)
T0095,2026-08-06,HM005,S095,Not Achieved (99.7g),Not Achieved (68.3g),Achieved (75.1g),Achieved (251.9g),Achieved (2021.4kcal)
T0096,2026-08-07,HM005,S096,Not Achieved (53.7g),Not Achieved (19.1g),Not Achieved (18.9g),Not Achieved (102.6g),Not Achieved (796.7kcal)
T0097,2026-08-08,HM005,S097,Not Achieved (58.1g),Not Achieved (23.7g),Achieved (63g),Achieved (253.9g),Not Achieved (1461.8kcal)
T0098,2026-08-09,HM005,S098,Not Achieved (29.5g),Not Achieved (33.4g),Achieved (44.4g),Achieved (281.8g),Not Achieved (1545.5kcal)
T0099,2026-08-10,HM005,S099,Not Achieved (26.5g),Not Achieved (12.8g),Achieved (46.8g),Not Achieved (163.4g),Not Achieved (874.2kcal)
T0100,2026-08-11,HM005,S100,Achieved (157.7g),Not Achieved (41.1g),Achieved (99.3g),Achieved (344g),Achieved (2376.9kcal)
T0101,2026-08-12,HM005,S101,Not Achieved (99.7g),Not Achieved (42.7g),Achieved (48.1g),Not Achieved (183g),Not Achieved (1515.1kcal)
T0102,2026-08-13,HM005,S102,Not Achieved (84.3g),Not Achieved (14.4g),Achieved (33.9g),Not Achieved (123.2g),Not Achieved (959.8kcal)
T0103,2026-08-14,HM005,S103,Achieved (166.1g),Not Achieved (80.1g),Achieved (42.4g),Achieved (257.9g),Achieved (2417.2kcal)
T0104,2026-08-15,HM005,S104,Achieved (143.2g),Not Achieved (18.3g),Achieved (26.8g),Not Achieved (169.5g),Not Achieved (1415.3kcal)
T0105,2026-08-16,HM005,S105,Not Achieved (34.2g),Not Achieved (16.4g),Achieved (42.5g),Not Achieved (163.8g),Not Achieved (939.8kcal)
T0106,2026-08-17,HM005,S106,Not Achieved (65.7g),Not Achieved (43.4g),Achieved (72.6g),Achieved (312.9g),Achieved (1904.4kcal)
T0107,2026-08-18,HM005,S107,Not Achieved (47.7g),Not Achieved (16.7g),Achieved (31.3g),Not Achieved (132g),Not Achieved (869.5kcal)
T0108,2026-08-19,HM005,S108,Not Achieved (52.7g),Not Achieved (37.7g),Achieved (52.1g),Achieved (226.7g),Not Achieved (1457.3kcal)
T0109,2026-08-20,HM005,S109,Not Achieved (74.8g),Not Achieved (35.3g),Achieved (46.2g),Achieved (244.2g),Not Achieved (1593.4kcal)
T0110,2026-08-21,HM005,S110,Not Achieved (90.4g),Not Achieved (49.5g),Achieved (82.5g),Achieved (240.8g),Achieved (1770.2kcal)
T0111,2026-08-22,HM005,S111,Not Achieved (47.1g),Not Achieved (25g),Achieved (77.8g),Achieved (245.3g),Not Achieved (1394.4kcal)
T0112,2026-08-01,HM006,S112,Achieved (74.8g),Not Achieved (27g),Achieved (30.2g),Achieved (120g),Not Achieved (1021.8kcal)
T0113,2026-08-02,HM006,S113,Not Achieved (29.6g),Not Achieved (25.4g),Achieved (16.2g),Achieved (84.8g),Not Achieved (686.7kcal)
T0114,2026-08-03,HM006,S114,Not Achieved (27.1g),Not Achieved (11.5g),Achieved (17.2g),Achieved (87g),Not Achieved (559.5kcal)
T0115,2026-08-04,HM006,S115,Not Achieved (23.7g),Not Achieved (13.3g),Achieved (28.6g),Achieved (83.6g),Not Achieved (549.1kcal)
T0116,2026-08-05,HM006,S116,Achieved (109.6g),Not Achieved (22.9g),Achieved (46.4g),Achieved (171.3g),Achieved (1330.4kcal)
T0117,2026-08-06,HM006,S117,Not Achieved (51g),Not Achieved (17.4g),Achieved (49.4g),Achieved (157g),Not Achieved (989.2kcal)
T0118,2026-08-07,HM006,S118,Achieved (75g),Not Achieved (30.3g),Achieved (42.6g),Achieved (236.7g),Achieved (1519.7kcal)
T0119,2026-08-08,HM006,S119,Achieved (99g),Achieved (37g),Achieved (17.1g),Achieved (89.9g),Achieved (1088.7kcal)
T0120,2026-08-09,HM006,S120,Achieved (106.5g),Achieved (40.7g),Achieved (16.2g),Achieved (84.3g),Achieved (1129.5kcal)
T0121,2026-08-10,HM006,S121,Achieved (77g),Achieved (45g),Achieved (44.7g),Achieved (182.3g),Achieved (1442.7kcal)
T0122,2026-08-11,HM006,S122,Achieved (90.6g),Not Achieved (28.1g),Achieved (43.5g),Achieved (182.9g),Achieved (1347.3kcal)
T0123,2026-08-12,HM006,S123,Achieved (70.9g),Not Achieved (14.9g),Not Achieved (11.6g),Not Achieved (44.2g),Not Achieved (594.2kcal)
T0124,2026-08-13,HM006,S124,Not Achieved (57.9g),Not Achieved (22.4g),Achieved (24g),Not Achieved (68.8g),Not Achieved (708.1kcal)
T0125,2026-08-14,HM006,S125,Not Achieved (28.2g),Not Achieved (8.8g),Achieved (14.7g),Achieved (92.1g),Not Achieved (560.2kcal)
T0126,2026-08-15,HM006,S126,Not Achieved (46.1g),Not Achieved (30.8g),Achieved (33.2g),Achieved (129.6g),Not Achieved (979.5kcal)
T0127,2026-08-16,HM006,S127,Not Achieved (38.5g),Not Achieved (20.8g),Achieved (18.1g),Achieved (86.5g),Not Achieved (687kcal)
T0128,2026-08-17,HM006,S128,Not Achieved (28.9g),Not Achieved (13.8g),Achieved (26.5g),Not Achieved (72.8g),Not Achieved (530.7kcal)
T0129,2026-08-18,HM006,S129,Not Achieved (51.7g),Not Achieved (18.5g),Not Achieved (12.9g),Not Achieved (65.8g),Not Achieved (636.2kcal)
T0130,2026-08-19,HM006,S130,Not Achieved (58.6g),Not Achieved (18.9g),Achieved (23.1g),Achieved (140.5g),Not Achieved (966.3kcal)
T0131,2026-08-20,HM006,S131,Achieved (70.1g),Not Achieved (35.9g),Achieved (30.2g),Achieved (91g),Not Achieved (967.3kcal)
T0132,2026-08-21,HM006,S132,Not Achieved (38.9g),Not Achieved (15.1g),Achieved (36.3g),Achieved (191.8g),Achieved (1059.1kcal)
T0133,2026-08-22,HM006,S133,Achieved (77.9g),Achieved (37.6g),Achieved (36.8g),Achieved (185g),Achieved (1390.4kcal)
T0134,2026-08-01,HM007,S134,Not Achieved (52.5g),Not Achieved (29.7g),Achieved (42g),Achieved (156.5g),Not Achieved (1103.2kcal)
T0135,2026-08-02,HM007,S135,Not Achieved (39.2g),Not Achieved (12.3g),Achieved (24g),Not Achieved (89.8g),Not Achieved (626.7kcal)
T0136,2026-08-03,HM007,S136,Not Achieved (69.1g),Not Achieved (57.8g),Achieved (52.3g),Achieved (219.8g),Achieved (1675.6kcal)
T0137,2026-08-04,HM007,S137,Not Achieved (53.7g),Not Achieved (37.1g),Achieved (38.3g),Achieved (182.6g),Not Achieved (1279.2kcal)
T0138,2026-08-05,HM007,S138,Not Achieved (59.4g),Not Achieved (37.7g),Achieved (31.7g),Not Achieved (134.9g),Not Achieved (1116.7kcal)
T0139,2026-08-06,HM007,S139,Not Achieved (68.1g),Not Achieved (34g),Achieved (46.2g),Achieved (166.6g),Not Achieved (1244.7kcal)
T0140,2026-08-07,HM007,S140,Achieved (97.9g),Not Achieved (46.9g),Achieved (81.5g),Achieved (210.6g),Achieved (1656.1kcal)
T0141,2026-08-08,HM007,S141,Not Achieved (67.9g),Not Achieved (30.4g),Achieved (37.6g),Achieved (176g),Not Achieved (1249.1kcal)
T0142,2026-08-09,HM007,S142,Achieved (87.2g),Not Achieved (20.6g),Achieved (52g),Achieved (191.7g),Not Achieved (1300.3kcal)
T0143,2026-08-10,HM007,S143,Achieved (90.2g),Not Achieved (6.7g),Achieved (21.8g),Not Achieved (92.8g),Not Achieved (792.2kcal)
T0144,2026-08-11,HM007,S144,Not Achieved (52.6g),Not Achieved (11.8g),Achieved (20.2g),Not Achieved (86.6g),Not Achieved (663.5kcal)
T0145,2026-08-12,HM007,S145,Not Achieved (40g),Not Achieved (26.8g),Achieved (24.5g),Not Achieved (90.7g),Not Achieved (764.1kcal)
T0146,2026-08-13,HM007,S146,Achieved (111g),Not Achieved (49.6g),Achieved (56g),Achieved (184g),Achieved (1626.4kcal)
T0147,2026-08-14,HM007,S147,Achieved (152.5g),Achieved (85.1g),Achieved (32.1g),Not Achieved (100.3g),Achieved (1776.9kcal)
T0148,2026-08-15,HM007,S148,Achieved (98g),Not Achieved (21g),Achieved (53.6g),Achieved (186.1g),Achieved (1325.3kcal)
T0149,2026-08-16,HM007,S149,Achieved (175.5g),Not Achieved (42.5g),Achieved (60.5g),Achieved (214.4g),Achieved (1941.7kcal)
T0150,2026-08-17,HM007,S150,Not Achieved (19.2g),Not Achieved (5.8g),Achieved (32g),Not Achieved (108.4g),Not Achieved (562.9kcal)
T0151,2026-08-18,HM007,S151,Not Achieved (49.1g),Not Achieved (14.3g),Achieved (44.4g),Achieved (218.9g),Not Achieved (1200.3kcal)
T0152,2026-08-19,HM007,S152,Not Achieved (32g),Not Achieved (21.1g),Achieved (20.1g),Not Achieved (135.5g),Not Achieved (859.8kcal)
T0153,2026-08-20,HM007,S153,Achieved (171.3g),Not Achieved (56.3g),Achieved (53.7g),Not Achieved (127.2g),Achieved (1700.3kcal)
T0154,2026-08-21,HM007,S154,Achieved (84.6g),Not Achieved (60.2g),Achieved (80.6g),Achieved (205g),Achieved (1699.8kcal)
T0155,2026-08-22,HM007,S155,Not Achieved (76g),Not Achieved (24.4g),Not Achieved (9.8g),Not Achieved (28g),Not Achieved (635.8kcal)
T0156,2026-08-01,HM008,S156,Not Achieved (80.8g),Achieved (52.1g),Achieved (46.1g),Achieved (176.1g),Achieved (1496.7kcal)
T0157,2026-08-02,HM008,S157,Not Achieved (76.6g),Not Achieved (32.3g),Achieved (62.9g),Achieved (181.5g),Achieved (1322.9kcal)
T0158,2026-08-03,HM008,S158,Not Achieved (44.8g),Not Achieved (25.9g),Achieved (23.8g),Achieved (189.8g),Achieved (1171.4kcal)
T0159,2026-08-04,HM008,S159,Not Achieved (37.6g),Not Achieved (7.3g),Achieved (37.4g),Achieved (98.8g),Not Achieved (611kcal)
T0160,2026-08-05,HM008,S160,Not Achieved (54.8g),Not Achieved (21.2g),Achieved (24.2g),Achieved (101.3g),Not Achieved (815.1kcal)
T0161,2026-08-06,HM008,S161,Not Achieved (29.9g),Not Achieved (21.5g),Achieved (34.1g),Not Achieved (96.2g),Not Achieved (698.1kcal)
T0162,2026-08-07,HM008,S162,Not Achieved (41.4g),Not Achieved (19g),Achieved (17.3g),Not Achieved (73.7g),Not Achieved (631.2kcal)
T0163,2026-08-08,HM008,S163,Achieved (93g),Not Achieved (28.6g),Achieved (76.4g),Achieved (228.9g),Achieved (1544.6kcal)
T0164,2026-08-09,HM008,S164,Not Achieved (48.4g),Not Achieved (19g),Achieved (31.9g),Achieved (159.6g),Not Achieved (1002.7kcal)
T0165,2026-08-10,HM008,S165,Not Achieved (48.5g),Not Achieved (9.3g),Achieved (48.9g),Achieved (171.4g),Not Achieved (963.6kcal)
T0166,2026-08-11,HM008,S166,Not Achieved (34.5g),Not Achieved (16.3g),Achieved (21.9g),Not Achieved (89.1g),Not Achieved (641.1kcal)
T0167,2026-08-12,HM008,S167,Not Achieved (54.9g),Not Achieved (26.8g),Achieved (33.9g),Achieved (163.7g),Not Achieved (1115.7kcal)
T0168,2026-08-13,HM008,S168,Not Achieved (60.3g),Achieved (59.3g),Achieved (46.2g),Achieved (241.1g),Achieved (1739.3kcal)
T0169,2026-08-14,HM008,S169,Not Achieved (18.5g),Not Achieved (5.4g),Achieved (28g),Achieved (102.8g),Not Achieved (533.6kcal)
T0170,2026-08-15,HM008,S170,Not Achieved (48.3g),Not Achieved (23.4g),Achieved (22.2g),Not Achieved (84.5g),Not Achieved (741.7kcal)
T0171,2026-08-16,HM008,S171,Not Achieved (36.1g),Not Achieved (19.1g),Achieved (31.7g),Achieved (175.4g),Not Achieved (1017.5kcal)
T0172,2026-08-17,HM008,S172,Not Achieved (76g),Not Achieved (24.6g),Achieved (56.4g),Achieved (129.1g),Not Achieved (1042.3kcal)
T0173,2026-08-18,HM008,S173,Achieved (90.1g),Achieved (61.7g),Achieved (45.9g),Achieved (211.8g),Achieved (1763.2kcal)
T0174,2026-08-19,HM008,S174,Not Achieved (25.3g),Not Achieved (13.5g),Achieved (18.1g),Achieved (113.4g),Not Achieved (676.4kcal)
T0175,2026-08-20,HM008,S175,Achieved (101.8g),Not Achieved (34.9g),Achieved (55.7g),Achieved (174.9g),Achieved (1420.6kcal)
T0176,2026-08-21,HM008,S176,Not Achieved (76.8g),Achieved (45.4g),Achieved (72.7g),Achieved (180.3g),Achieved (1436.6kcal)
T0177,2026-08-22,HM008,S177,Achieved (103.6g),Achieved (56g),Achieved (48.6g),Achieved (211.2g),Achieved (1763kcal)
T0178,2026-08-01,HM009,S178,Not Achieved (68.6g),Not Achieved (31g),Achieved (43.5g),Achieved (265.7g),Achieved (1616.3kcal)
T0179,2026-08-02,HM009,S179,Not Achieved (66g),Not Achieved (40.8g),Achieved (32.2g),Achieved (181.4g),Achieved (1356.8kcal)
T0180,2026-08-03,HM009,S180,Achieved (124.6g),Achieved (65.9g),Achieved (45.6g),Achieved (171.2g),Achieved (1776.8kcal)
T0181,2026-08-04,HM009,S181,Not Achieved (88.6g),Not Achieved (18.1g),Achieved (25.4g),Achieved (101g),Not Achieved (921kcal)
T0182,2026-08-05,HM009,S182,Not Achieved (41.6g),Not Achieved (23.7g),Achieved (19g),Achieved (100.1g),Not Achieved (780.3kcal)
T0183,2026-08-06,HM009,S183,Not Achieved (29.8g),Not Achieved (11g),Achieved (22.3g),Achieved (99.9g),Not Achieved (617.7kcal)
T0184,2026-08-07,HM009,S184,Not Achieved (48.9g),Not Achieved (26.6g),Not Achieved (5.9g),Not Achieved (54.9g),Not Achieved (654.2kcal)
T0185,2026-08-08,HM009,S185,Not Achieved (93.7g),Achieved (68g),Achieved (49.3g),Achieved (183.8g),Achieved (1721.7kcal)
T0186,2026-08-09,HM009,S186,Not Achieved (48.1g),Not Achieved (26.3g),Achieved (65g),Achieved (344.3g),Achieved (1806kcal)
T0187,2026-08-10,HM009,S187,Not Achieved (26.2g),Not Achieved (12.8g),Achieved (23.7g),Achieved (111.8g),Not Achieved (666.7kcal)
T0188,2026-08-11,HM009,S188,Not Achieved (44.9g),Not Achieved (32.6g),Achieved (50.5g),Achieved (165.2g),Not Achieved (1134.3kcal)
T0189,2026-08-12,HM009,S189,Achieved (101.2g),Achieved (42.8g),Achieved (50.7g),Achieved (236.2g),Achieved (1735.1kcal)
T0190,2026-08-13,HM009,S190,Not Achieved (75.7g),Not Achieved (10.7g),Achieved (23.3g),Not Achieved (64.5g),Not Achieved (657.4kcal)
T0191,2026-08-14,HM009,S191,Achieved (105g),Achieved (48g),Achieved (49.1g),Achieved (206.9g),Achieved (1679.6kcal)
T0192,2026-08-15,HM009,S192,Not Achieved (49.7g),Not Achieved (21.3g),Achieved (32.5g),Achieved (114.3g),Not Achieved (847.9kcal)
T0193,2026-08-16,HM009,S193,Achieved (157.5g),Achieved (51.1g),Achieved (69.7g),Achieved (173.5g),Achieved (1784.1kcal)
T0194,2026-08-17,HM009,S194,Not Achieved (27.7g),Not Achieved (20.7g),Achieved (27.1g),Achieved (94.5g),Not Achieved (675.3kcal)
T0195,2026-08-18,HM009,S195,Not Achieved (76.2g),Not Achieved (32.3g),Achieved (54.3g),Achieved (259.5g),Achieved (1633.2kcal)
T0196,2026-08-19,HM009,S196,Not Achieved (41.7g),Not Achieved (11.6g),Achieved (31.8g),Achieved (104.3g),Not Achieved (688.2kcal)
T0197,2026-08-20,HM009,S197,Achieved (161.6g),Not Achieved (36.7g),Achieved (23.8g),Not Achieved (75.6g),Not Achieved (1279.2kcal)
T0198,2026-08-21,HM009,S198,Not Achieved (78.7g),Not Achieved (18.9g),Achieved (25.5g),Achieved (99.1g),Not Achieved (881.3kcal)
T0199,2026-08-22,HM009,S199,Not Achieved (69.2g),Achieved (53.1g),Achieved (58.5g),Achieved (267.6g),Achieved (1825.4kcal)
T0200,2026-08-01,HM010,S200,Achieved (164.3g),Achieved (68.2g),Achieved (49.7g),Achieved (265.5g),Not Achieved (2333kcal)
T0201,2026-08-02,HM010,S201,Not Achieved (58.7g),Not Achieved (10.2g),Achieved (34.7g),Achieved (233.4g),Not Achieved (1259.8kcal)
T0202,2026-08-03,HM010,S202,Not Achieved (134.5g),Achieved (94g),Achieved (106.4g),Achieved (417.9g),Achieved (3055.4kcal)
T0203,2026-08-04,HM010,S203,Achieved (183.7g),Achieved (85.9g),Achieved (90.1g),Achieved (353.4g),Achieved (2921.5kcal)
T0204,2026-08-05,HM010,S204,Achieved (213.7g),Not Achieved (15.3g),Achieved (58.4g),Achieved (219.5g),Not Achieved (1870.5kcal)
T0205,2026-08-06,HM010,S205,Not Achieved (102.7g),Not Achieved (50g),Achieved (120.5g),Achieved (525.9g),Achieved (2964.6kcal)
T0206,2026-08-07,HM010,S206,Not Achieved (112.7g),Achieved (63g),Achieved (85.1g),Achieved (288g),Not Achieved (2169.7kcal)
T0207,2026-08-08,HM010,S207,Achieved (233.5g),Achieved (110.2g),Achieved (99.8g),Achieved (358g),Achieved (3358kcal)
T0208,2026-08-09,HM010,S208,Not Achieved (74.3g),Not Achieved (19.8g),Not Achieved (29.4g),Achieved (190g),Not Achieved (1235kcal)
T0209,2026-08-10,HM010,S209,Achieved (185.3g),Not Achieved (55.5g),Achieved (89.4g),Achieved (334.8g),Achieved (2579.6kcal)
T0210,2026-08-11,HM010,S210,Achieved (160.2g),Achieved (101.8g),Achieved (112.5g),Achieved (434.6g),Achieved (3295.6kcal)
T0211,2026-08-12,HM010,S211,Not Achieved (105.3g),Achieved (73.2g),Achieved (38.7g),Achieved (265.7g),Not Achieved (2142.7kcal)
T0212,2026-08-13,HM010,S212,Achieved (177.6g),Not Achieved (57.7g),Achieved (69g),Achieved (388.2g),Achieved (2782.5kcal)
T0213,2026-08-14,HM010,S213,Achieved (208.9g),Achieved (107.1g),Achieved (37.6g),Achieved (200.8g),Achieved (2602kcal)
T0214,2026-08-15,HM010,S214,Not Achieved (109g),Achieved (102.5g),Achieved (81.4g),Achieved (378.7g),Achieved (2873.4kcal)
T0215,2026-08-16,HM010,S215,Not Achieved (148.2g),Achieved (117.5g),Achieved (60.4g),Achieved (288.2g),Achieved (2802.6kcal)
T0216,2026-08-17,HM010,S216,Not Achieved (118.4g),Not Achieved (45.8g),Not Achieved (23.5g),Not Achieved (111.1g),Not Achieved (1330.1kcal)
T0217,2026-08-18,HM010,S217,Not Achieved (110.3g),Not Achieved (53.6g),Achieved (101.9g),Achieved (352.9g),Not Achieved (2334.9kcal)
T0218,2026-08-19,HM010,S218,Achieved (155g),Not Achieved (23.7g),Achieved (46.6g),Achieved (345.4g),Not Achieved (2215kcal)
T0219,2026-08-20,HM010,S219,Not Achieved (78.8g),Not Achieved (52.8g),Achieved (48.5g),Achieved (366.1g),Not Achieved (2255kcal)
T0220,2026-08-21,HM010,S220,Not Achieved (100g),Not Achieved (45.8g),Achieved (110.6g),Achieved (523.6g),Achieved (2906.9kcal)
T0221,2026-08-22,HM010,S221,Achieved (224.9g),Achieved (65.4g),Achieved (54.9g),Achieved (214.7g),Not Achieved (2347.3kcal)
T0222,2026-08-01,HM011,S222,Not Achieved (46.5g),Not Achieved (33.7g),Achieved (34.8g),Not Achieved (144.6g),Not Achieved (1068.1kcal)
T0223,2026-08-02,HM011,S223,Not Achieved (129.4g),Not Achieved (48.9g),Achieved (125.3g),Achieved (385.9g),Achieved (2501.3kcal)
T0224,2026-08-03,HM011,S224,Not Achieved (125.8g),Not Achieved (52.9g),Achieved (52.3g),Achieved (244g),Not Achieved (1955.5kcal)
T0225,2026-08-04,HM011,S225,Achieved (150.6g),Not Achieved (32.9g),Achieved (32g),Achieved (238.2g),Not Achieved (1851.1kcal)
T0226,2026-08-05,HM011,S226,Not Achieved (131.7g),Not Achieved (27.3g),Achieved (85.1g),Achieved (287.9g),Not Achieved (1923.9kcal)
T0227,2026-08-06,HM011,S227,Not Achieved (95.6g),Not Achieved (63.7g),Achieved (46.8g),Achieved (236.9g),Not Achieved (1903.3kcal)
T0228,2026-08-07,HM011,S228,Not Achieved (133.8g),Not Achieved (51.3g),Achieved (73.8g),Achieved (213g),Not Achieved (1849.1kcal)
T0229,2026-08-08,HM011,S229,Not Achieved (109.3g),Not Achieved (49g),Achieved (70.4g),Achieved (285.2g),Not Achieved (2018.4kcal)
T0230,2026-08-09,HM011,S230,Not Achieved (52.7g),Not Achieved (22.4g),Not Achieved (29.9g),Achieved (244g),Not Achieved (1388kcal)
T0231,2026-08-10,HM011,S231,Not Achieved (58g),Not Achieved (28.7g),Achieved (43.2g),Achieved (172.4g),Not Achieved (1180kcal)
T0232,2026-08-11,HM011,S232,Achieved (152g),Not Achieved (15.8g),Not Achieved (22.3g),Not Achieved (81.3g),Not Achieved (1075kcal)
T0233,2026-08-12,HM011,S233,Not Achieved (120.9g),Not Achieved (67.6g),Achieved (90.4g),Achieved (318.9g),Achieved (2367.6kcal)
T0234,2026-08-13,HM011,S234,Not Achieved (108.2g),Not Achieved (21.9g),Not Achieved (24.1g),Not Achieved (105.5g),Not Achieved (1052kcal)
T0235,2026-08-14,HM011,S235,Not Achieved (107.7g),Not Achieved (18.2g),Achieved (104g),Achieved (305.9g),Not Achieved (1818.7kcal)
T0236,2026-08-15,HM011,S236,Achieved (210.6g),Achieved (101.2g),Achieved (65.9g),Achieved (282.8g),Achieved (2884.5kcal)
T0237,2026-08-16,HM011,S237,Achieved (143g),Not Achieved (27.7g),Achieved (68.9g),Achieved (312.5g),Not Achieved (2071.6kcal)
T0238,2026-08-17,HM011,S238,Achieved (176g),Achieved (69.9g),Achieved (138.7g),Achieved (371.2g),Achieved (2817.8kcal)
T0239,2026-08-18,HM011,S239,Not Achieved (117.6g),Not Achieved (59.7g),Achieved (58.9g),Achieved (231.4g),Not Achieved (1932.8kcal)
T0240,2026-08-19,HM011,S240,Not Achieved (100.2g),Not Achieved (48.3g),Achieved (76.8g),Achieved (307.4g),Not Achieved (2064.9kcal)
T0241,2026-08-20,HM011,S241,Achieved (233.7g),Not Achieved (51.6g),Achieved (90.8g),Achieved (363.7g),Achieved (2854.2kcal)
T0242,2026-08-21,HM011,S242,Not Achieved (107g),Not Achieved (27.1g),Achieved (73.7g),Achieved (444.8g),Achieved (2451kcal)
T0243,2026-08-22,HM011,S243,Achieved (157.6g),Not Achieved (52.8g),Not Achieved (28.3g),Achieved (155g),Not Achieved (1725.7kcal)
T0244,2026-08-01,HM012,S244,Not Achieved (129.7g),Not Achieved (29.1g),Not Achieved (21g),Achieved (165.6g),Not Achieved (1442.9kcal)
T0245,2026-08-02,HM012,S245,Not Achieved (76g),Not Achieved (24.8g),Achieved (49.3g),Achieved (245.8g),Not Achieved (1510.2kcal)
T0246,2026-08-03,HM012,S246,Achieved (397.1g),Achieved (87g),Achieved (86g),Achieved (260.1g),Achieved (3411.8kcal)
T0247,2026-08-04,HM012,S247,Not Achieved (78g),Not Achieved (18.8g),Achieved (40.9g),Achieved (130.4g),Not Achieved (1003kcal)
T0248,2026-08-05,HM012,S248,Not Achieved (91.2g),Achieved (47.2g),Achieved (51.1g),Achieved (186.3g),Not Achieved (1534.9kcal)
T0249,2026-08-06,HM012,S249,Not Achieved (74.7g),Not Achieved (11.2g),Achieved (65.1g),Achieved (184.4g),Not Achieved (1136.9kcal)
T0250,2026-08-07,HM012,S250,Not Achieved (84.9g),Not Achieved (33.1g),Achieved (49.5g),Achieved (393.9g),Not Achieved (2213.5kcal)
T0251,2026-08-08,HM012,S251,Not Achieved (122.8g),Achieved (45.3g),Achieved (85.5g),Achieved (497.4g),Achieved (2888.6kcal)
T0252,2026-08-09,HM012,S252,Not Achieved (102.1g),Not Achieved (28.8g),Achieved (65.3g),Achieved (356.9g),Not Achieved (2094.9kcal)
T0253,2026-08-10,HM012,S253,Achieved (290.1g),Achieved (81.5g),Achieved (76.3g),Achieved (315g),Achieved (3153.5kcal)
T0254,2026-08-11,HM012,S254,Not Achieved (163.8g),Achieved (54.8g),Achieved (63g),Achieved (264.4g),Not Achieved (2206.2kcal)
T0255,2026-08-12,HM012,S255,Not Achieved (173.1g),Achieved (79.2g),Achieved (105.9g),Achieved (402.7g),Achieved (3016.4kcal)
T0256,2026-08-13,HM012,S256,Not Achieved (56.4g),Not Achieved (12.3g),Achieved (59.5g),Achieved (292.9g),Not Achieved (1507.4kcal)
T0257,2026-08-14,HM012,S257,Not Achieved (186.9g),Achieved (58.6g),Not Achieved (28.9g),Achieved (115.3g),Not Achieved (1736.4kcal)
T0258,2026-08-15,HM012,S258,Not Achieved (106.1g),Achieved (65.3g),Achieved (102.2g),Achieved (327.6g),Not Achieved (2322.8kcal)
T0259,2026-08-16,HM012,S259,Not Achieved (59.6g),Not Achieved (16.6g),Achieved (39.9g),Achieved (137.4g),Not Achieved (937.5kcal)
T0260,2026-08-17,HM012,S260,Not Achieved (188.4g),Achieved (56.2g),Achieved (79.4g),Achieved (439g),Achieved (3015.7kcal)
T0261,2026-08-18,HM012,S261,Not Achieved (50.5g),Not Achieved (14.2g),Achieved (54.4g),Achieved (220.6g),Not Achieved (1212.8kcal)
T0262,2026-08-19,HM012,S262,Not Achieved (176.3g),Achieved (80g),Achieved (89.6g),Achieved (453g),Achieved (3236.6kcal)
T0263,2026-08-20,HM012,S263,Not Achieved (81.4g),Achieved (49.4g),Not Achieved (12.5g),Achieved (161.3g),Not Achieved (1415.7kcal)
T0264,2026-08-21,HM012,S264,Not Achieved (167.9g),Achieved (131.5g),Achieved (91.4g),Achieved (293.6g),Achieved (3029.6kcal)
T0265,2026-08-22,HM012,S265,Not Achieved (132.1g),Achieved (59.5g),Achieved (100.7g),Achieved (393.1g),Achieved (2635.9kcal)
T0266,2026-08-01,HM013,S266,Achieved (165.4g),Not Achieved (27.5g),Achieved (39.2g),Achieved (319.1g),Not Achieved (2186kcal)
T0267,2026-08-02,HM013,S267,Achieved (186.6g),Achieved (66.9g),Achieved (44.9g),Achieved (209.4g),Not Achieved (2186.5kcal)
T0268,2026-08-03,HM013,S268,Not Achieved (110.2g),Achieved (65.1g),Achieved (75.9g),Achieved (294.1g),Not Achieved (2202.9kcal)
T0269,2026-08-04,HM013,S269,Not Achieved (76.8g),Achieved (40.1g),Not Achieved (31.5g),Achieved (178g),Not Achieved (1380kcal)
T0270,2026-08-05,HM013,S270,Achieved (223.2g),Achieved (96.5g),Achieved (82.3g),Achieved (339.4g),Achieved (3119.2kcal)
T0271,2026-08-06,HM013,S271,Not Achieved (91.3g),Achieved (67g),Achieved (40.7g),Achieved (94g),Not Achieved (1344.5kcal)
T0272,2026-08-07,HM013,S272,Achieved (194.1g),Achieved (39.3g),Achieved (42.4g),Achieved (254.2g),Not Achieved (2147kcal)
T0273,2026-08-08,HM013,S273,Not Achieved (127.6g),Not Achieved (37.1g),Achieved (52.9g),Achieved (187.5g),Not Achieved (1594.2kcal)
T0274,2026-08-09,HM013,S274,Achieved (163.6g),Achieved (67.8g),Achieved (71.2g),Achieved (242.2g),Not Achieved (2234kcal)
T0275,2026-08-10,HM013,S275,Not Achieved (75.2g),Achieved (68.2g),Achieved (56.3g),Achieved (190.3g),Not Achieved (1675.2kcal)
T0276,2026-08-11,HM013,S276,Not Achieved (90.6g),Not Achieved (36.7g),Achieved (38.2g),Achieved (157g),Not Achieved (1321kcal)
T0277,2026-08-12,HM013,S277,Not Achieved (43.8g),Not Achieved (16g),Achieved (36.9g),Achieved (242.4g),Not Achieved (1288.8kcal)
T0278,2026-08-13,HM013,S278,Achieved (176.7g),Achieved (49.9g),Achieved (64.8g),Achieved (218.2g),Not Achieved (2028.7kcal)
T0279,2026-08-14,HM013,S279,Achieved (194.1g),Achieved (93.1g),Achieved (65.3g),Achieved (303.2g),Achieved (2827.8kcal)
T0280,2026-08-15,HM013,S280,Not Achieved (137.6g),Achieved (62.5g),Achieved (73.3g),Achieved (246.4g),Not Achieved (2098.8kcal)
T0281,2026-08-16,HM013,S281,Not Achieved (97.8g),Achieved (59.1g),Not Achieved (29.8g),Achieved (148.9g),Not Achieved (1518.4kcal)
T0282,2026-08-17,HM013,S282,Not Achieved (56.7g),Not Achieved (29.6g),Achieved (71.7g),Achieved (296.7g),Not Achieved (1679.8kcal)
T0283,2026-08-18,HM013,S283,Not Achieved (72.5g),Achieved (49.5g),Achieved (82.4g),Achieved (289.8g),Not Achieved (1894.9kcal)
T0284,2026-08-19,HM013,S284,Not Achieved (144.1g),Achieved (42.3g),Achieved (59g),Achieved (342.9g),Not Achieved (2327.9kcal)
T0285,2026-08-20,HM013,S285,Not Achieved (141.9g),Achieved (43.5g),Achieved (95.4g),Achieved (312.2g),Not Achieved (2208.1kcal)
T0286,2026-08-21,HM013,S286,Not Achieved (108.1g),Achieved (49.4g),Not Achieved (26.5g),Achieved (122.5g),Not Achieved (1367.3kcal)
T0287,2026-08-22,HM013,S287,Achieved (194.9g),Achieved (58.6g),Achieved (45.7g),Achieved (241g),Not Achieved (2270.7kcal)
T0288,2026-08-01,HM014,S288,Achieved (137.9g),Not Achieved (23g),Achieved (43g),Achieved (226.9g),Achieved (1665.5kcal)
T0289,2026-08-02,HM014,S289,Achieved (104.2g),Achieved (32.8g),Achieved (52.7g),Achieved (198.2g),Achieved (1504.4kcal)
T0290,2026-08-03,HM014,S290,Achieved (138.9g),Not Achieved (17.8g),Achieved (31.9g),Achieved (216.4g),Achieved (1581.6kcal)
T0291,2026-08-04,HM014,S291,Not Achieved (56.2g),Not Achieved (25.7g),Achieved (77.4g),Achieved (279.3g),Achieved (1573.6kcal)
T0292,2026-08-05,HM014,S292,Achieved (105.5g),Achieved (64.4g),Achieved (68.1g),Achieved (179.4g),Achieved (1719kcal)
T0293,2026-08-06,HM014,S293,Not Achieved (44.6g),Not Achieved (15.9g),Achieved (39.3g),Achieved (215.7g),Not Achieved (1184.6kcal)
T0294,2026-08-07,HM014,S294,Not Achieved (29.6g),Not Achieved (11.8g),Achieved (23.3g),Achieved (116g),Not Achieved (688.8kcal)
T0295,2026-08-08,HM014,S295,Not Achieved (67.9g),Achieved (55.7g),Achieved (53.4g),Achieved (226.1g),Achieved (1677.2kcal)
T0296,2026-08-09,HM014,S296,Achieved (121.5g),Achieved (46g),Achieved (41.7g),Achieved (182.4g),Achieved (1629.5kcal)
T0297,2026-08-10,HM014,S297,Not Achieved (60g),Achieved (54.3g),Achieved (67.6g),Achieved (235.7g),Achieved (1671.4kcal)
T0298,2026-08-11,HM014,S298,Achieved (122.3g),Achieved (41g),Achieved (37.8g),Achieved (191g),Achieved (1622kcal)
T0299,2026-08-12,HM014,S299,Not Achieved (47.5g),Not Achieved (11g),Achieved (18.7g),Achieved (96.4g),Not Achieved (674.9kcal)
T0300,2026-08-13,HM014,S300,Achieved (115.1g),Achieved (37.1g),Achieved (48.5g),Achieved (174.9g),Achieved (1493.8kcal)
T0301,2026-08-14,HM014,S301,Not Achieved (38.9g),Not Achieved (13.9g),Achieved (29.8g),Achieved (223.5g),Not Achieved (1174.7kcal)
T0302,2026-08-15,HM014,S302,Not Achieved (34.9g),Achieved (50.4g),Achieved (19.9g),Not Achieved (41.2g),Not Achieved (758kcal)
T0303,2026-08-16,HM014,S303,Not Achieved (26.1g),Not Achieved (9g),Achieved (20.4g),Achieved (113.8g),Not Achieved (640.8kcal)
T0304,2026-08-17,HM014,S304,Not Achieved (32.3g),Not Achieved (25.2g),Achieved (36.2g),Achieved (116.4g),Not Achieved (822.1kcal)
T0305,2026-08-18,HM014,S305,Not Achieved (37.5g),Not Achieved (27.2g),Achieved (22.3g),Achieved (86.1g),Not Achieved (739.2kcal)
T0306,2026-08-19,HM014,S306,Not Achieved (66.1g),Not Achieved (13g),Achieved (33.1g),Achieved (199g),Not Achieved (1177.5kcal)
T0307,2026-08-20,HM014,S307,Not Achieved (81g),Not Achieved (16g),Achieved (35.3g),Achieved (169.2g),Not Achieved (1144.4kcal)
T0308,2026-08-21,HM014,S308,Not Achieved (61.4g),Achieved (42.2g),Achieved (27.3g),Achieved (126.3g),Not Achieved (1130.6kcal)
T0309,2026-08-22,HM014,S309,Not Achieved (81.2g),Not Achieved (15.9g),Achieved (28.1g),Achieved (153.6g),Not Achieved (1082.1kcal)
T0310,2026-08-01,HM015,S310,Not Achieved (31.5g),Not Achieved (13.5g),Achieved (23.1g),Achieved (151.9g),Not Achieved (854.4kcal)
T0311,2026-08-02,HM015,S311,Not Achieved (59g),Not Achieved (28.9g),Achieved (25.2g),Achieved (90.6g),Not Achieved (858.3kcal)
T0312,2026-08-03,HM015,S312,Not Achieved (59.2g),Not Achieved (24.4g),Achieved (37.7g),Achieved (228.3g),Achieved (1369.5kcal)
T0313,2026-08-04,HM015,S313,Not Achieved (61.6g),Not Achieved (31.2g),Achieved (32.1g),Achieved (111.9g),Achieved (975.4kcal)
T0314,2026-08-05,HM015,S314,Not Achieved (21.7g),Not Achieved (17g),Achieved (20.4g),Achieved (91.1g),Not Achieved (604.6kcal)
T0315,2026-08-06,HM015,S315,Not Achieved (47.4g),Not Achieved (24.7g),Achieved (19.6g),Not Achieved (69.5g),Not Achieved (689.8kcal)
T0316,2026-08-07,HM015,S316,Not Achieved (22.5g),Not Achieved (13.2g),Achieved (27.5g),Achieved (111.3g),Not Achieved (654.3kcal)
T0317,2026-08-08,HM015,S317,Not Achieved (57.2g),Not Achieved (29.6g),Achieved (27.2g),Achieved (185.6g),Achieved (1238kcal)
T0318,2026-08-09,HM015,S318,Not Achieved (71g),Not Achieved (26.1g),Achieved (51.9g),Achieved (181.5g),Achieved (1244.6kcal)
T0319,2026-08-10,HM015,S319,Not Achieved (36.6g),Not Achieved (10.8g),Achieved (35.8g),Achieved (162.3g),Not Achieved (892.3kcal)
T0320,2026-08-11,HM015,S320,Not Achieved (63.1g),Not Achieved (29.4g),Achieved (25.7g),Achieved (98g),Not Achieved (908.7kcal)
T0321,2026-08-12,HM015,S321,Not Achieved (28.1g),Not Achieved (12.7g),Achieved (27.1g),Achieved (102.7g),Not Achieved (638.1kcal)
T0322,2026-08-13,HM015,S322,Not Achieved (34.4g),Not Achieved (10.9g),Achieved (25g),Achieved (100.5g),Not Achieved (637.2kcal)
T0323,2026-08-14,HM015,S323,Not Achieved (31.9g),Not Achieved (13.4g),Achieved (28.6g),Not Achieved (72g),Not Achieved (536.5kcal)
T0324,2026-08-15,HM015,S324,Not Achieved (32g),Not Achieved (13.8g),Achieved (15.4g),Achieved (97.6g),Not Achieved (642.3kcal)
T0325,2026-08-16,HM015,S325,Achieved (133.4g),Not Achieved (26.7g),Achieved (59.6g),Achieved (145.6g),Achieved (1356kcal)
T0326,2026-08-17,HM015,S326,Achieved (75.4g),Achieved (37.1g),Achieved (36.2g),Achieved (153.7g),Achieved (1250.7kcal)
T0327,2026-08-18,HM015,S327,Not Achieved (60.2g),Not Achieved (19.3g),Achieved (33.2g),Achieved (141g),Achieved (979.1kcal)
T0328,2026-08-19,HM015,S328,Not Achieved (43.7g),Not Achieved (25.4g),Not Achieved (12.8g),Not Achieved (50g),Not Achieved (604kcal)
T0329,2026-08-20,HM015,S329,Not Achieved (43.4g),Not Achieved (27.5g),Achieved (32.1g),Achieved (199.6g),Achieved (1219.5kcal)
T0330,2026-08-21,HM015,S330,Not Achieved (48.1g),Not Achieved (14.4g),Achieved (25.9g),Achieved (136.7g),Not Achieved (868.5kcal)
T0331,2026-08-22,HM015,S331,Not Achieved (54.2g),Not Achieved (26.7g),Achieved (36.3g),Achieved (126.4g),Achieved (962.9kcal)
T0332,2026-08-01,HM016,S332,Not Achieved (57.8g),Not Achieved (29.5g),Achieved (32.5g),Achieved (119g),Not Achieved (972.4kcal)
T0333,2026-08-02,HM016,S333,Achieved (84.1g),Not Achieved (24.6g),Achieved (65g),Achieved (253.2g),Achieved (1570.6kcal)
T0334,2026-08-03,HM016,S334,Achieved (97.2g),Not Achieved (41.9g),Achieved (35g),Achieved (143.7g),Achieved (1341kcal)
T0335,2026-08-04,HM016,S335,Not Achieved (46g),Not Achieved (20.9g),Achieved (41g),Achieved (143g),Not Achieved (943.7kcal)
T0336,2026-08-05,HM016,S336,Not Achieved (76.6g),Not Achieved (15.4g),Achieved (21.2g),Not Achieved (64.3g),Not Achieved (702.1kcal)
T0337,2026-08-06,HM016,S337,Achieved (133.6g),Achieved (50.8g),Achieved (30.7g),Achieved (163.3g),Achieved (1645kcal)
T0338,2026-08-07,HM016,S338,Not Achieved (71.7g),Not Achieved (10.7g),Achieved (40.4g),Achieved (148.2g),Not Achieved (975.8kcal)
T0339,2026-08-08,HM016,S339,Achieved (111.6g),Achieved (47.8g),Achieved (30.8g),Achieved (147.6g),Achieved (1466.9kcal)
T0340,2026-08-09,HM016,S340,Not Achieved (61.7g),Not Achieved (15.6g),Achieved (39.2g),Achieved (148.5g),Not Achieved (980.9kcal)
T0341,2026-08-10,HM016,S341,Not Achieved (67.5g),Not Achieved (24.4g),Achieved (42.3g),Achieved (123.9g),Not Achieved (985.1kcal)
T0342,2026-08-11,HM016,S342,Not Achieved (68.3g),Not Achieved (15.9g),Achieved (28.5g),Achieved (139g),Not Achieved (972.2kcal)
T0343,2026-08-12,HM016,S343,Achieved (122.7g),Achieved (42.9g),Achieved (33.3g),Achieved (156.4g),Achieved (1502.5kcal)
T0344,2026-08-13,HM016,S344,Not Achieved (61.5g),Not Achieved (31.7g),Achieved (53g),Achieved (208.7g),Achieved (1366kcal)
T0345,2026-08-14,HM016,S345,Not Achieved (70.9g),Not Achieved (20.1g),Achieved (42.2g),Achieved (153.3g),Not Achieved (1078kcal)
T0346,2026-08-15,HM016,S346,Not Achieved (51.4g),Not Achieved (11.5g),Achieved (18.7g),Not Achieved (69.6g),Not Achieved (587.5kcal)
T0347,2026-08-16,HM016,S347,Not Achieved (71.2g),Not Achieved (22.8g),Achieved (51.7g),Achieved (218.9g),Achieved (1365.5kcal)
T0348,2026-08-17,HM016,S348,Not Achieved (49.1g),Not Achieved (8.2g),Achieved (49.3g),Achieved (193.1g),Not Achieved (1042.9kcal)
T0349,2026-08-18,HM016,S349,Not Achieved (29.5g),Not Achieved (6.3g),Achieved (27.4g),Achieved (96.3g),Not Achieved (560.2kcal)
T0350,2026-08-19,HM016,S350,Not Achieved (16.3g),Not Achieved (19.7g),Achieved (16.7g),Achieved (102.8g),Not Achieved (653.3kcal)
T0351,2026-08-20,HM016,S351,Not Achieved (70.7g),Not Achieved (28g),Achieved (30.9g),Achieved (121.3g),Not Achieved (1020.1kcal)
T0352,2026-08-21,HM016,S352,Not Achieved (23.7g),Not Achieved (11.2g),Achieved (24.6g),Achieved (134.8g),Not Achieved (735.1kcal)
T0353,2026-08-22,HM016,S353,Not Achieved (34.2g),Not Achieved (13.9g),Achieved (19.3g),Achieved (110.7g),Not Achieved (704.5kcal)
T0354,2026-08-01,HM017,S354,Not Achieved (48.5g),Not Achieved (20.7g),Not Achieved (8.9g),Not Achieved (73.6g),Not Achieved (674.8kcal)
T0355,2026-08-02,HM017,S355,Not Achieved (78.9g),Not Achieved (19.9g),Achieved (84.9g),Achieved (295.6g),Achieved (1676.9kcal)
T0356,2026-08-03,HM017,S356,Not Achieved (71.4g),Not Achieved (23.4g),Achieved (32.9g),Not Achieved (181.7g),Not Achieved (1223.5kcal)
T0357,2026-08-04,HM017,S357,Not Achieved (62.8g),Not Achieved (25.1g),Achieved (44.3g),Not Achieved (170g),Not Achieved (1156.9kcal)
T0358,2026-08-05,HM017,S358,Not Achieved (40.2g),Not Achieved (10.1g),Achieved (38.5g),Not Achieved (159.4g),Not Achieved (889.7kcal)
T0359,2026-08-06,HM017,S359,Achieved (114g),Achieved (95.7g),Achieved (43.8g),Not Achieved (149.4g),Achieved (1914.8kcal)
T0360,2026-08-07,HM017,S360,Not Achieved (90.7g),Not Achieved (24.2g),Achieved (33.7g),Not Achieved (141.2g),Not Achieved (1145.6kcal)
T0361,2026-08-08,HM017,S361,Not Achieved (41.4g),Not Achieved (33g),Achieved (24.1g),Not Achieved (93.9g),Not Achieved (838.2kcal)
T0362,2026-08-09,HM017,S362,Not Achieved (60.1g),Not Achieved (14.7g),Achieved (62.3g),Achieved (307.3g),Achieved (1602kcal)
T0363,2026-08-10,HM017,S363,Not Achieved (69.6g),Not Achieved (37.4g),Achieved (31.3g),Not Achieved (150.6g),Not Achieved (1217.4kcal)
T0364,2026-08-11,HM017,S364,Not Achieved (48.9g),Not Achieved (12.2g),Achieved (28.3g),Not Achieved (101.3g),Not Achieved (710.5kcal)
T0365,2026-08-12,HM017,S365,Not Achieved (51.2g),Not Achieved (18.2g),Achieved (42g),Achieved (205.9g),Not Achieved (1192kcal)
T0366,2026-08-13,HM017,S366,Not Achieved (71.4g),Not Achieved (31.2g),Achieved (31.9g),Not Achieved (168.4g),Not Achieved (1239.8kcal)
T0367,2026-08-14,HM017,S367,Not Achieved (60.9g),Not Achieved (33.1g),Achieved (56.4g),Not Achieved (152g),Not Achieved (1149.5kcal)
T0368,2026-08-15,HM017,S368,Not Achieved (90.5g),Not Achieved (75.2g),Achieved (55g),Achieved (228.7g),Achieved (1953.8kcal)
T0369,2026-08-16,HM017,S369,Not Achieved (84.3g),Not Achieved (40.9g),Achieved (53.9g),Achieved (206.5g),Achieved (1531.1kcal)
T0370,2026-08-17,HM017,S370,Achieved (118.6g),Not Achieved (20.3g),Not Achieved (13.4g),Not Achieved (153.2g),Not Achieved (1269.2kcal)
T0371,2026-08-18,HM017,S371,Not Achieved (40.3g),Not Achieved (30.4g),Achieved (26.8g),Not Achieved (78.6g),Not Achieved (748.7kcal)
T0372,2026-08-19,HM017,S372,Not Achieved (63.5g),Not Achieved (39.1g),Achieved (44.5g),Not Achieved (126.1g),Not Achieved (1109.7kcal)
T0373,2026-08-20,HM017,S373,Not Achieved (50g),Not Achieved (18.3g),Achieved (46.1g),Achieved (269g),Achieved (1440.6kcal)
T0374,2026-08-21,HM017,S374,Not Achieved (29.7g),Not Achieved (9.6g),Achieved (20.7g),Not Achieved (114.6g),Not Achieved (663.8kcal)
T0375,2026-08-22,HM017,S375,Not Achieved (34.9g),Not Achieved (8.4g),Achieved (39.6g),Not Achieved (149.2g),Not Achieved (812.7kcal)
